ID,BlendProperty1,BlendProperty2,BlendProperty3,BlendProperty4,BlendProperty5,BlendProperty6,BlendProperty7,BlendProperty8,BlendProperty9,BlendProperty10
1,0.08710279964196536,0.21807179750736383,0.6356576024364592,0.2535161291899635,0.4049292988235265,0.6544634095111745,0.4859286707613483,1.020126682824208,1.160167507781725,-0.11920944100012526
2,-0.7309433146708674,-0.7819896451614,-0.8830265555259402,-0.8807489900001276,0.1464149740886124,-1.1338083212404377,-0.5702584674492875,-1.8153543590337293,-0.7547362217776279,-0.8317671338406851
3,0.9121736671991485,1.8730845197662045,3.553473616524775,1.782771578005429,1.110867185748684,1.3359538308939038,3.558941889833984,2.110855646363416,1.3004998878556007,1.2740206597214851
4,0.339598703625592,2.244101180721919,-0.4462579467596533,-0.3096681721683426,-0.5480313479404498,0.4567801238601329,-0.9128213340936755,0.6120211278924578,0.6024087614390192,0.32136590439441637
5,-0.8736551917536785,2.718149158160658,1.5664701330402093,0.15049320562997748,0.30850945114927336,1.5162307850022418,1.6805713653225174,1.6877820941081096,1.1436934537671029,-0.4118310525182924
6,-1.7133035058954746,0.20001433185989348,-0.5445849877016603,-1.3858318866684896,-1.683794207996552,0.391873313039917,-0.7257436533311337,-0.1465221802016323,-0.14429701767338576,-1.1873744033252434
7,0.09406528224498895,-0.07263183661337635,-0.20926299388873218,1.0381868636484428,0.08253136779457201,-0.3180369511263418,0.07974899623379725,-0.43772913847949046,-0.12938473078348353,1.152428475790038
8,0.9482002155234118,-1.8793121257052943,1.2267629098957948,2.0276858440756618,1.523466090982075,0.8375757527389285,1.384836381222371,1.2130973967780618,0.09864008422034287,1.3707865011331632
9,0.9741351414997226,-0.7026510365372565,0.9806640995421066,1.4358390139316723,1.916611815620746,1.1842744905517952,1.315175766725112,1.0758493738827175,0.6056386180592391,1.407569312941652
10,-1.0190504916856953,-1.011657990348983,-1.6888475296963517,-1.155710018209185,-0.615530842061221,-2.7365398273391155,-2.162935596051607,-2.3416974951485847,-1.50795423097099,-0.2978993246794114
11,0.5959664385796126,1.707627314096401,1.2901059279165115,0.045015913677454875,0.32671027500973826,1.0664461835638281,1.2903563139570864,1.4293951280406896,0.6847293065469089,-0.4010359882678326
12,0.6720747850680462,0.774668146402298,2.7270369000545758,1.3596571992513657,-0.24790539958969293,0.9338529392187134,2.7582890101249125,1.8067421228983624,0.8299017411462608,0.5305072721557005
13,-0.5069715263812102,-1.5202162729375017,0.40623203091049725,0.5536065225950588,0.3129948130788093,0.7851063370118043,0.8696377024086892,0.5961856454911951,0.7975119871396312,0.8002411606445173
14,1.065235587596242,2.4769957917297,0.507486668807295,-0.4076618362832979,-0.989922231098791,0.6357344140972834,0.013403825185023671,1.3453721619170518,0.6589823896976139,-1.1008988376138684
15,1.9558864527054896,-0.3476565073272401,0.8415005385159314,0.528809663746613,1.5515549249691045,0.7352983892599159,0.3991498101355354,1.0660014258216408,0.7541103789346694,1.3656135817426445
16,-0.5835387006868483,0.3406648224000594,1.777179091724715,0.21153962194820805,-0.8824109658780628,1.3681676812749521,1.6135673036058313,1.8707447217622235,0.44238150511603913,-1.071398008752763
17,-1.5895020276906862,-0.7466523972378641,-2.0173941472159416,-1.4196137398654805,-1.4686445675679873,-0.28302624961655587,-2.1878722817461673,-0.42261580433478224,-0.06484502976608196,-1.0528387229368223
18,-0.3941711518227771,-0.05297801524991377,0.4420836485642332,-0.07859666451319469,-0.515711965549292,0.4369146229287557,-0.19837723805864782,0.7176919034098312,0.4225635754987876,-0.05218867468501348
19,-0.08353191668412394,1.7085960624716905,3.654466176957325,0.273802583128808,-0.7246238852713873,1.242030173831865,3.396451298310225,2.232453482198648,0.44474327753220366,-0.6825528650479921
20,-1.5270184565790876,-1.0201666312998408,0.8266374353067997,-0.3902854670376543,-1.3643091825405966,0.7105496443141982,0.2088180008236437,1.5362319446496462,0.15736203167916318,-1.102623040303556
21,-2.112299026710686,2.0770468057602094,1.4612591012041516,0.27115546160926274,-1.055008604383565,0.44489030780907585,1.3064349826335422,1.236583525007866,0.3891318022586224,-0.7287801280014634
22,1.066740001505878,1.0733356053666667,0.9196728061415983,0.1928841849163691,1.7185035329301608,-0.04047550682628848,1.1272931870546243,0.13690909190060135,0.7570032622227809,0.5165513117783676
23,1.463456929214805,1.3619701202565444,2.1965976040723665,0.9719575660559807,0.7629693618008193,1.2267265160796148,2.310769330609298,1.3560565153354087,0.7067439197745223,0.9317063171089063
24,0.6696389793539897,-1.3450893110534352,0.4470078157397893,0.16089215672219548,0.3805127112480505,0.47483691554879515,0.6627766836898952,0.7928385059555507,-0.13162597462098674,0.013725917653608147
25,-0.7767554081975471,-0.44832920160919343,-1.7555082952239924,-1.5248080626255367,-0.7370422121491331,-0.2216849801290575,-1.488969016781424,-1.1520176676531044,-0.1651485498054008,-0.7826332600345289
26,-0.19305563377186968,-0.13700332577015484,-2.1397123145257426,-0.5134271786817078,-0.9335173477201643,0.16162171181962223,-2.1732241157552212,-0.3039445710899961,-0.08059124975479798,0.018558576690247113
27,0.3984637319058309,-1.4842066280998487,-0.4873594488235443,0.9103234345648055,1.4946953466431998,-0.2368763672892388,-0.7372366353657869,-0.12553335274511784,-1.1588644334489797,0.7714619838233389
28,-0.43308029358401423,-1.1821430471181658,-1.1212179661127606,0.15826499039196734,-0.6297600191539212,-0.6430348693370976,-0.46107618494171054,-1.4283675168401244,-0.7365775121916647,-0.04075002700067522
29,-1.2686336371141451,-0.39699957226392846,-0.8657067739144724,-0.7713745567429505,-0.5705618856580008,-0.2723223900533518,-0.5094671626660896,-0.7810210869704353,-0.053527825868548866,-1.1529031692995504
30,0.4543738850771602,-1.752076516451134,-1.3973277243938251,-0.30052783707618563,-0.7711385118910776,-0.9187158301913627,-1.4502058799667108,-0.8305217212064764,-1.2437673881909375,-0.2827131126079293
31,0.1665703680757242,1.2160216286689838,1.1649659839673243,-1.2847013859194114,-0.594515616732495,0.4400111216239349,0.9011801187616066,0.42560435081947967,0.509284394572628,-1.8125067850377667
32,-0.12894569192148608,0.5781312103903025,-0.5481111392209929,-1.1099655702858662,-1.2095376604864445,-0.11790436221622858,-0.46344796933965704,-0.6839479424264133,-0.23900253755925638,-1.4846167241789812
33,0.5017921873516,0.1078415172061486,0.09348672994854756,0.5768574090347818,0.49872962593763,-0.43894647628654143,0.11907718612662266,-0.34726440358458427,-0.026885041533116442,0.8785776297802661
34,0.9635544220645403,-1.1707711263962655,1.2622662915498595,0.7820895594216006,-0.009570385627513191,0.1711528395445749,0.7408522215206303,1.086172752945824,-0.08462980364417806,0.5802038110072798
35,-1.1619465770621156,-0.0927555939347787,0.6995365933897668,-0.6877994102776146,-0.8955976569011429,-0.03625821638352047,0.9110643443818144,0.06445115414584118,0.3102686573707777,-1.653353871663582
36,0.03835393092119425,0.39234756758099576,2.9521104769518387,1.8565147516949594,0.5608157187408535,0.6870578388782028,2.702175795931653,1.5978642703223727,0.5359576992624308,0.5825678765716304
37,-0.41253002081770274,-1.130573318297789,-1.690816428758827,-0.11783834752240213,0.08191185772378581,-0.8262296977380024,-1.3633277531554464,-1.4359503865280705,-0.6672646774168393,1.0182494601074028
38,0.8739530678649933,0.41949023185991957,-1.1169511526264801,0.21224994366420366,1.364987293290401,0.3172394157781659,-1.2829839391693438,0.002187130252371758,0.6859684631208951,1.1407039199336495
39,-1.2705371361773314,0.5438276976077694,-2.21251934428737,-1.967486030695063,-1.3980428093775334,-0.16341972195342525,-1.8121300083093799,-1.1937795921402568,0.21541796475241656,-1.4517100654587327
40,0.8628916486295629,-0.1913605834148279,-0.8266038158412011,0.06078488668734385,-0.9024380213329778,0.48773374454945306,-0.7972790851799451,0.16324640752733993,0.49076530836103377,0.36571868149453923
41,1.2534361049638147,1.9079957621893733,2.2451069276487634,1.9174893866236846,1.6512373109444325,1.702989609765866,2.331030992604235,1.6402174518365407,1.8546626692101718,1.2704358017148107
42,0.22198697358429317,-1.4565104307708903,1.9694715989862353,2.1007259793733466,0.8003600454464203,1.3347063432641808,2.631486914263407,0.7292316901773149,0.5107682732456931,1.4951298170978196
43,-0.536026877861228,-0.41058071035713245,-2.6990940530597327,-2.0111471308041424,-1.1495444712231135,-1.438459012326271,-2.6012628730153784,-1.8517091748026724,-0.7309570332543502,-0.9116442200411243
44,0.27868808312954674,-0.607614611998974,2.187916146417282,1.14002966741761,0.7830871208947237,0.19546173718456522,1.714921722687611,1.1164888225703387,0.45148442050948695,0.6647023674262585
45,-0.3972284614328014,1.816347865966395,1.2309279644613649,-0.6210371334309712,-1.6772853681116404,0.2232100885509247,1.2969067663560152,0.8979476476107678,0.15844272687904096,-1.3862952565904467
46,0.875277251269332,0.7814847868818277,-0.45003106659174036,0.6033375194765171,0.42237597881572075,0.5658679821514846,-0.6704225735480501,0.7765138477397651,0.5356163709143696,0.7519315409481492
47,-1.9626019896811304,-0.1389960227926101,0.0787995686829598,-1.4641150097339657,-1.2862291014475595,-0.5575555908014507,0.23677777726762012,-0.31719155831058554,-0.5060713985553404,-1.548588353091829
48,0.02626917694603763,-0.26224675593610824,-1.2471432958561202,-0.35004310016264395,0.045534508215234075,-0.7346267669298961,-1.38562740342332,-1.2324118671141395,-0.7983716515168113,0.6757117355379149
49,-1.157074167164746,-1.2084469642713003,1.4146753374956922,-0.1931877415860582,0.004656044263680048,0.7991412171136784,1.2511514993178992,1.42375850676963,0.15279330284555356,-1.1085363682614944
50,-1.36151503671553,-0.48492940976535237,-1.9475735849964206,-1.9844111268514235,-0.6676060543247144,-2.319927345758202,-1.9842423385430008,-2.4319603512069365,-1.8688841573596902,-1.8884935774426286
51,1.0701200768058772,1.6025045717766384,3.0413755021310402,2.3475575768122505,0.46981245177672964,2.4830872877264256,3.69324541918709,2.7363071337970064,0.7052313273554306,0.32139911926461323
52,0.9974347958206172,1.0504272764450782,-0.06369245735279437,-0.05812640872721837,-0.5279106748109619,1.2515410865231789,-0.6424677972590654,1.9529583221768578,1.075969362714832,0.31834077107623915
53,0.08005248999637284,0.1512734580636419,-0.4614651399314825,-0.08037170793929807,-0.9551603757437074,-0.7507755438440734,-0.39990120922008143,-1.1575589497791927,-0.2592906498998652,0.4705536805355144
54,0.7517396388633515,0.16306260450551519,3.6270436478272075,1.495359286983592,0.8132184279680096,0.7382608610783215,4.186740640629711,1.344636569403817,0.8643012854296928,-0.31915186144859337
55,0.325736501427154,-0.1274639898892352,-0.4221296787326565,0.7291722087887004,0.43295473061385265,0.42639553091270854,-0.3762252163479762,0.20798694116380367,0.7374077538807721,1.0271895157469797
56,0.27683165260900944,-0.2451732263312555,1.2164377762159893,0.9179674860254632,-0.03320108310842254,0.7422571418535934,0.5413415296092755,1.5803036317649206,0.18380083957301122,0.14420636485978666
57,0.42413464093516384,-0.20491263648516353,-0.08013013558443237,-0.07187272040907676,0.41214963174858493,0.31738918243278413,-0.01960783964219094,0.27689900311654103,0.649187052904597,0.49399519425064214
58,-0.5701575264414132,1.5041206781879994,0.4026565174990251,-1.721553190463497,-0.27383797039445357,0.8039210093536394,0.12439514375232011,0.4860677517035159,0.8434263450024934,-1.740780293678231
59,0.28652944863980706,-1.150567374200935,-1.7949649043422151,-0.28134353229792575,0.7888109437227442,0.2955091592004516,-2.2449408090277614,-0.10411688528846344,-0.6984510187855905,0.32848227565661425
60,-1.5405614002464394,1.5473835650567311,0.6154630157638101,-0.9883521791673305,-1.543329047468856,0.41191271487897685,1.0066177346851657,0.8686611791292848,0.17081873557214697,-1.12699914265092
61,-0.012738929056529288,0.17963832246662645,-1.2091381569537127,-0.3112548246115132,-0.9767287582210898,-2.20168329538012,-1.2497966858961829,-1.376892720662315,-1.4763784578221033,-0.6192754631328238
62,-1.4950440249536903,-0.8578111447202131,-2.0878138774332253,0.11033341012180418,-0.29482222185138307,-0.24534316754365557,-1.7897974799217249,-1.1443621712487604,-0.5933770776790376,0.7740686998418942
63,0.3268824449614624,-0.4006142692926846,1.3643409440573047,1.5467151390397722,1.6611051819675213,0.9697788212537581,1.5622641135446276,1.2371714665576365,0.6921992018341313,1.3148136936086696
64,-0.25422624694899676,0.8754182550011134,0.8936037591002058,-0.25540714195655495,-0.8007159905435066,0.8791701090254813,0.6721360790373276,1.1338620986822672,0.27083049258104724,-0.680114336910644
65,-0.7427604587998233,0.33489053663474744,-1.166808071953887,-0.34847244086453943,-1.4699000294156914,0.7661199825599877,-1.6948308571398423,0.27775989193106276,1.0116811117786983,0.6927657195864256
66,-0.5021651115044353,0.7728891323605264,-0.6182809159495376,0.712695408999707,-0.647651551567117,-0.3685200745437729,-0.3768215062891809,-0.24626235506753613,0.3821400833418828,0.5705936391465589
67,1.6522226917456266,-0.25095127548636614,1.4479783628537686,1.1825712735354679,0.5350863647254834,0.8298023070573515,1.2808404685077126,1.4012125804814457,0.9252826562872271,1.0967660579027108
68,-0.8465274037359408,-1.116427131924493,-0.2846147913489847,-0.7842395805218734,0.5194307937315494,-1.155682921435057,-0.6852258500354779,-0.862675873363839,-1.042946011898051,-1.1373841656764354
69,1.4398858369742098,-0.8836654620862191,3.148530685180678,1.676421902914046,1.1001622253202377,1.2046850791546844,3.4192925594111676,1.6270068225519434,0.5754688667678544,0.6529409236030745
70,-0.14186709224876662,-0.27342667584526575,0.03550971672430665,0.022811212032489387,-0.25810717043808606,0.4959323348425359,0.452252234098564,0.0992757888661208,-0.07626282185601545,-0.024138441297531663
71,-0.11146324582638667,-0.9489225700165975,0.45087265185309866,-0.2275879095606089,-0.5965073266053968,0.037476044065040535,0.6751261931645642,0.07959111250165815,-0.5611261283785872,-0.2885734135844391
72,-0.11643860630983865,0.19012310674750074,-0.13160381410107777,0.6740323860351289,0.6314203250590665,-0.06944864032731152,-0.5139684254230765,-0.0500073123686748,0.5203874645998009,0.6507495594332563
73,0.9188918242689706,2.3308472648491527,1.6541074969535858,0.11541015744734331,-0.4358481165604141,1.84274845584934,1.6614678856052552,1.8252402288242113,1.7848475653232094,-0.08259449896970919
74,0.9953761833481244,1.2267227150422049,3.22569808640733,1.6994975591728425,1.0340252680641562,1.5810304030087452,3.6373551824733723,1.62876001299264,0.8133721595884308,1.0912674092896248
75,0.4888774172991744,-0.7256930171618453,0.9541011233667989,1.332363074483439,0.948823393403914,0.09047764430211415,1.059911341112291,0.2757534632164103,-0.22056739712531476,1.0315568701010507
76,-0.33076804423782896,-0.16883648123362882,-1.4542652437548882,-0.6998406705681556,-0.28213566620159164,-0.6125981008604109,-1.636280531194576,-1.0488533881578825,-0.09173209323360657,0.09027124400446504
77,0.08525966016908401,-1.386719141045852,-0.016940867239784885,-0.6142588497490874,-0.9185372400634174,0.8041307659653447,-0.18917049982150078,1.1697669008992364,-0.028171927477890813,-0.6794559239434658
78,0.8762028910116122,1.209350597815292,1.5491658220092024,0.836831451283939,0.20916164096330714,0.690048519623241,0.678722244228138,2.1643417083025276,1.2691278493347649,0.6429479294780998
79,0.7136384735416279,-0.7194712469570933,0.7593694692266258,0.8753379953967977,0.9289031203766832,0.31406189530662343,0.671610529302495,0.7252911996560365,0.22539964266157492,1.4081749514001627
80,0.3262887188059408,-0.5322803011893608,-1.8538632507684647,0.5803058949685206,0.6375297720864098,-1.3252003589244814,-1.1949041105853486,-2.040001515670288,-0.8229175989635498,1.0704408764043873
81,0.8877547509379252,-0.49668516402172774,1.6225454987406809,-0.07484689915254632,0.12679001815105087,1.249738098474398,1.4635089258038423,1.116231864372165,0.4468496785234046,-0.1655270403511578
82,1.1700076489480626,0.12870391692731448,0.8168168426547756,1.538991410817436,-0.08236173348688608,1.0831673715033043,0.658059278753031,1.4519999927825757,0.5624830951139812,0.36810050837521524
83,-0.05993712257294713,-0.8631886949156328,-0.23444697832640315,-0.5842825056625666,-0.7696015110872803,0.47656471797990096,-0.2189811418180505,-0.02883684981818676,0.03370961455667172,-0.5214132694319121
84,0.875196454533982,-0.9182053613336923,3.066661211072553,1.150921862146921,0.6402730630350487,1.4433413749978707,2.57199508080033,2.0606593043125265,1.6215426647803814,0.30199210379144603
85,-0.22082217771233106,0.04182452485146572,-0.5212810615914651,-0.669394708039335,-1.170587272261921,-1.2025195123559198,-0.09940508087534093,-1.4355945553061447,-1.2538807539545398,-0.46064787482772396
86,-0.6265353932233165,1.0029484186688251,2.8469176127485643,0.4167331773831715,-0.39824415168356503,1.2565539797394127,2.59246040235073,1.4919036988341068,0.7495179083384995,-1.15282226205511
87,-1.1005325874455347,0.07078358184227872,-0.9179719746066737,-0.9669423665727017,-0.8502624798526033,0.8191570874180659,-1.3435272301898487,0.8069199448521839,0.8802744693971727,-0.5129382344812586
88,0.16827029503244825,-0.8494028480074084,-0.14944148690837183,-1.041098283523204,-0.6896118855606375,0.44226505833401086,-0.5896652176698977,0.2556111927939326,-0.04570466557135875,-0.3538711763159443
89,-0.29370151951720563,-0.47468606837770116,-0.3606920888375521,-0.16342547894151946,-0.4377065601464172,0.43382968711618897,-0.27153317283795925,0.06191181165748568,0.022805929798920946,-0.8583699272043797
90,-0.5253570384385546,1.7527463010650015,3.144312391561441,0.5170856597777049,-0.39513000393186226,1.354670606553288,3.1607438752283317,1.7073845933614118,1.1743952306409569,-0.7438461276268014
91,-1.120265845007223,-0.562169298820177,-2.97346264772357,-0.25336874561162903,-0.3776648662863126,-0.7887048496928392,-3.2858218007623927,-1.8493973116977511,-0.5745760015410257,0.9094624855160536
92,-0.0774563441681097,-0.6069038281835702,-0.6420147503349942,-1.4869651787067164,-0.8877156015424066,0.5370748207853443,-0.6104643642196518,0.4297706394772111,-0.15569703108892327,-1.4231275303109143
93,-1.0098938893563156,0.7936971698489177,1.3970159548482577,0.5788787022951797,0.5921568099194761,1.5821117189629588,1.283122110270587,1.5739721138013893,0.13643343609753888,-0.19864221281383346
94,0.5812048384741028,-1.191267236908189,1.9517964657542861,2.0365069407405825,0.9422778914487451,1.0040414317107402,2.611840823384851,0.7866032087165798,0.1671255335883124,1.2182679108531678
95,0.41980848803190923,-0.07004282282746493,-1.4596380468773174,1.0337569734271261,0.6049838335777862,-0.4731081319956961,-1.617662371512403,-0.9961246107576223,-0.021355698883002577,0.7637106059950537
96,-0.8188309752023047,0.8054327387486452,0.4465316298896375,-1.485675205022754,-1.6765203528757084,0.334580196322769,0.24283938602318852,0.32525323368835324,0.4544235012259839,-1.5079171168362613
97,0.034548055471380464,-0.2094754394204641,0.08758954493344959,0.636806523756953,0.12504283567263602,0.07242178961818521,-0.14871252970263055,0.4946495315843474,0.2545499664270423,-0.10728095913099583
98,-0.10073224342631737,-0.9376448798904718,-0.24599763988248463,-0.6322060798861021,-1.0620155036044747,0.3084195588302487,-0.16994535604405434,0.02237406793798795,-0.7937833870221982,-0.6594830434508895
99,-0.11399439912425852,0.22881979968565633,-1.879706436473734,-0.45447884692146656,-0.2309293575237941,-1.8116414892699215,-1.8111821785759066,-2.4200935890286077,-1.3221832209196704,-0.17172725639605954
100,-0.45920053096617147,0.7121294787968602,-0.1322403923293078,-0.4134191703482562,0.4197760199924293,-0.1999484904620557,-0.2807547626052705,0.2679509336391609,0.4851466040070586,-0.643127348312503
101,-1.593046047346303,0.6441018009199789,-1.7680460150839288,-1.4465001881725548,-0.9227559844249975,-1.9851981300240311,-1.362436589956208,-1.9011033223069889,-0.7801336873136576,-1.250840396389521
102,-1.0544960898712352,-0.7598941290415602,-1.0667524598628475,-0.8392976730898895,-0.6886690296627578,-0.46891729749575056,-0.8597012013644952,-0.9020348201144465,-0.39602659239953786,-0.33774756732309924
103,-1.4270848946838586,-0.7960610507211866,-1.8617890744925383,-2.158200778935599,-1.2969355612859663,-1.2706051973002317,-1.9738384609645792,-2.13640976019655,-1.3134842052409579,-1.3483907946393277
104,-1.193476959021276,1.1121781445679713,-0.18541775689835804,-0.871989280276145,-0.17735181106849435,1.1727437918258308,0.026789273176707453,1.1220724544046714,0.22830384867366346,-0.765126859464161
105,0.5039855737292485,-0.20668164239137293,2.354711699317034,0.7111659812206299,0.6133354481652853,1.3645476065009994,2.0816842292565223,1.8985730608012887,1.0489452742110323,-0.1940487342817914
106,0.837081226869433,-1.3934832166144573,-3.0931861394108426,0.4334918511157466,0.4141965181896812,-2.500419562665828,-2.703010913296173,-2.651657589551954,-1.6004270640675555,0.5560675909561299
107,-0.6815853943300707,0.39690909400284097,-0.8601973547823611,-0.5079527116130952,0.21431611283151022,-0.10133289640215487,-1.2714145032646955,-0.03971266083901429,0.030521876603472664,-0.5833298735985021
108,0.16820672207083115,-1.0382288864943348,0.3222281106824947,-0.8878202575912078,-0.7387984502576568,0.026241228968739705,0.33634804808822066,0.3815583235431091,0.3903586113530717,-0.9756722972226067
109,0.44791699115439704,0.3714129751659523,2.2079204154257455,0.3102721240581155,-0.06341127713604129,1.229823182152311,2.2384188090451023,1.8569017197682842,1.0815830775579554,-0.9355468482306322
110,0.06295550341011516,-0.32130995308939836,-1.820535238811986,0.8118068742396534,1.0799120982399224,-0.9979984000300325,-1.5894924790289022,-1.3221704007266522,-0.45930577792910715,0.738122588507127
111,0.12102133115720333,1.1449498684724566,1.6441984618023064,0.29861677911943746,0.3971392402310242,1.9340724810690506,1.610935089118983,1.9361690881445421,0.20640377966225718,0.09651232818667747
112,0.5429776679085464,-0.3539958548404676,1.127123272053858,1.0352748090971513,-0.12339949116040418,0.43235936976590816,1.392744700560163,0.34101938351713174,0.48835569244685695,0.7394725746133349
113,-0.18994850819771808,0.17302671974304573,0.18815959291200657,0.1115939133849219,0.375605423727846,0.013146967009482962,0.1629961370962989,0.045629335656119124,-0.06889293238687161,0.09268997766150122
114,-0.9023749535111885,-0.8320050818187367,-1.3713976737417286,-0.3659864833576156,-0.47416295666604574,-1.0538566385324626,-0.7723037573878561,-1.3406524909131614,-0.8422925173859224,-0.6052311876910806
115,-0.002815549019590877,-0.4669906786859706,-0.20210850457888685,0.8520810892360743,0.9562474271984899,-1.5259564420194025,-0.07119081301585455,-1.211291136127881,-0.3251539643236839,1.1939741829475305
116,-0.29253031303217447,0.8456178096165762,-1.9481602698304024,-0.5490459567415652,-0.3200557302292052,-0.7741912146662431,-2.0429200069503057,-1.2710937090173036,-0.29729440028009296,0.15656186419515314
117,-0.609841561918624,-0.8420896498538544,-1.6323494175602038,-0.3158793231573192,-0.7634480287248744,-2.065015126481768,-1.5355703543413737,-1.7374337493997059,-1.1533962349026174,-0.015130204868929036
118,-0.24595939321077523,2.3893139791693954,-0.7244101703879853,-0.06426021558180754,-0.6314912851525882,0.5374287470675283,-0.7691655553904446,0.3831572968167066,0.5689621011575986,0.7152393514370509
119,-1.04293038229685,-1.325574504923056,-3.9482543355212663,-0.5794927362139917,0.002906688690518795,-2.8957440515513633,-3.9362745469634195,-3.7223104653995884,-1.6249996819596482,0.42950010186505366
120,0.39039164398496934,-0.0074140709324861925,1.14087882645785,1.0106330389487292,1.0781967602247635,0.5099319720039858,1.226414413562913,1.0089689908123596,0.7266657106228244,-0.45201035547545887
121,-0.0341399283256352,-1.0985531779810729,-0.5723619885665503,0.17455178331862595,0.40120244471922384,-0.31194985591629204,-0.6526454080514512,-0.10672864522691958,-0.048965225427845566,0.8041770266838283
122,-0.8652529242072414,-0.11119985803851934,0.14454475158596947,-0.4364669954253891,-1.045505869150657,0.6143489403942286,0.5164453788832916,0.02311482551459339,0.0047252689676479725,-0.987721648738142
123,-0.5376516959563661,-0.0059416075760252065,-1.1782115239978688,0.015051947228021834,0.6093045577409123,-0.3266760659271453,-1.5643784521932032,-0.5544198238250762,-0.07815320420326125,0.405349038175025
124,-0.8999681236827041,0.261155699292189,-0.8922664616735654,-0.6292094884595913,-1.2104364776276284,-1.4840360173922709,-0.8883184771097439,-1.2248684896964523,-0.42223885831946334,-0.6949425376895798
125,-1.829805358134543,0.18648313280554685,-2.5330414059232815,-1.9689460993213037,-1.8304871601121953,-2.3219663853926615,-2.1177355410642122,-3.1298250146191897,-1.692904256891542,-1.310023221039231
126,1.2156608341566324,0.3115369892089501,0.7947580372458956,1.0142140960564636,-0.14169535749659776,-0.1163186441578371,0.8560538027143814,0.210399199715376,0.5104211581972251,0.5154446678826522
127,-1.3053871950761724,2.5512580153926625,1.3651581485606048,-1.043222935290525,-0.5582563480247671,1.2535228761523178,0.9291830891909463,1.7457275508071024,0.634781688906166,-1.089926048752162
128,0.28229328188301067,-1.1172935757527525,-2.119137227734835,0.3421083435566944,0.8083231741165551,-1.4141723774313304,-1.890641062620578,-1.7362399974660454,-1.497931334825294,1.1925698295011733
129,-0.7417441024473795,1.832022946783231,0.696539743081303,-0.3392594231821022,-0.626094068293446,0.05404595570529365,0.6928734137378058,0.5202703987754418,0.28500550716251455,-1.1970650524938686
130,1.5564692853049606,1.4393389148246314,1.941915984269687,1.1117865994628697,2.4842796454139635,1.7157533422002744,1.596726565535575,1.619868317819464,1.5322901250588887,1.3536238881655716
131,1.4193305147784103,2.324774538649632,2.28832296923932,2.177141907643384,1.7697628025359116,0.7940765947349666,1.817612369561414,2.312144144614242,1.5380683761281537,2.0978113826297324
132,1.3799717050953595,-0.8297156509903815,0.2719019308665491,1.5841814559403458,2.113954208880775,0.46565541907722396,-0.12143720952446345,0.8003385037374267,-0.11254204458429949,1.5774854870457595
133,1.0696440915892766,-0.428685750828625,-1.6493442249027581,0.17225027090421277,1.8669792740593267,-1.4092106998274534,-1.9974913896644069,-1.129568904052917,-0.30479622570683096,0.35574886619503354
134,-2.031603732138624,1.6579753543874223,-0.9340173366596767,-0.9163989841338533,-0.7983140684841892,-0.07127213126968304,-0.7992319124190075,-0.10420483682379973,-0.46222177722988134,-1.158329051579022
135,-0.3753131645038879,-1.1627620374126402,-1.5408779417738174,-0.6858575950253244,0.39417946153248656,-2.0776097769974355,-1.6010430092745886,-2.5283557228633784,-0.6127485824717108,0.42024228435457767
136,-0.43616286605944116,1.067031806236876,0.017909054896811327,0.47496777060604356,0.017640967905078218,-0.3094296457888398,0.1990683571080907,0.1399422309276046,0.38173006552345917,0.5334145677435876
137,-0.29518883484141595,0.3744671215969121,2.057343963332469,-0.09563595097141372,-1.1907466350263713,0.772634637742774,2.2633331203756692,1.7426674790894534,0.8965609365025827,-1.1812209458964409
138,-0.02092170476562808,0.008381299417537624,1.511292204572075,1.6959252135471736,1.7024752902398772,0.7526327034128819,2.213976260086784,0.5464103291389307,0.46904502763995226,0.8459360664869091
139,-0.5928978681786332,1.8699240096095378,1.2768793942880698,0.015909632212960698,0.23685653977914997,0.7714126803528085,0.924798484391598,1.4505871531316026,0.20749079682561988,-0.6377484300415973
140,-0.24727172776125247,0.07853390891349103,-0.4421755045147228,-1.0029109867956059,-0.9216059129609414,0.7636946226221244,-0.8821288637426841,0.4128036057922929,0.4131381081786395,-0.08551368460159647
141,0.2521463973293247,-0.4320335604611941,-0.16599919787348782,0.32772480293197664,-0.005015320319991471,-0.9885751616199402,-0.2484254426606106,-0.649579948158594,-1.0769162739957294,0.21747391940827104
142,-0.7720386913418473,-0.6322834543980406,-2.448569412641162,-1.4044523717094477,-0.8466522820393949,-2.371044287720524,-2.424207132109451,-2.671472436702085,-1.5424344889219956,0.09203540811846489
143,1.0199817366889743,-0.9926509083655717,1.371411736590994,1.0934531859283438,0.963302902348568,0.71078472040152,1.5365015145496843,0.3157899064704246,0.16111205178422056,0.7805586965577066
144,-0.2879869044649524,0.5931597736450596,0.5703548799423478,0.06876212507740885,0.11391134884083888,-0.23985199707600272,0.02977768463023083,0.4193397584571255,0.10223580901908524,-0.5148912476142787
145,1.158828988587274,0.12962295094419587,0.2806476137919739,0.8179791617826025,0.8847840228728852,0.5606401741095288,1.046094467775816,-0.5527012302120733,0.8199028401575381,1.3105709547286453
146,0.9522201613904311,-0.6634882418698761,-0.6832494711449302,-0.0838130745553991,0.5145732323421665,-0.20715753352442057,-0.8055774838264705,0.2507896653392316,0.48249132414443446,0.2394613850665588
147,0.7615390738237827,-0.3668173751561015,-0.6981563981284273,0.11766111027748628,-0.3837351389133487,-0.02006201281916785,-0.5298754109566147,-0.41119926657434525,0.08982967924695007,0.10753560888395916
148,1.0972345015944882,-0.22111072748449745,0.9374933520790382,1.2015248242718195,1.4844770086998484,-0.3578148105051795,0.738200150529949,-0.07739986411992421,0.23013719361811108,1.4607586976584572
149,-1.3882096477238126,0.5474523993869959,-3.634204917485155,-1.5635110497375773,-1.2943965782656701,-1.9315302602577866,-3.245666123411563,-3.4450049890889978,-1.063124797254313,-0.9994704458038808
150,1.0932829124351315,-0.6221278988976082,-0.22878645676093506,1.2637174250532544,-0.007151355605163631,-0.43985472384311414,-0.1706218297706134,-0.19542808003040263,-0.17808845996133132,1.5444900940401807
151,-0.174318035160298,0.7905578847654122,-0.8024848948406748,-1.2452325314333026,-1.3091988243506,0.2073214662627268,-0.45916538733027534,-0.3398064646029935,0.2525025164843463,-0.7854864135431594
152,0.4200309937253809,-0.4132112060600742,0.134673543698679,-1.1946556951642362,-0.7634246998907206,-0.04732906850462969,-0.18175526633509206,0.3369972158415858,0.5571174612966728,-1.037963985047859
153,0.37393177287699053,-0.7060956270325744,0.9361099492020335,-0.2809000549367821,-0.2825866400114532,-0.9877865956564854,1.426206046302348,-0.8825514563132993,-0.4416854232891902,-0.2939768827035873
154,0.39482594878347393,-0.2987271018702957,0.26194830687652243,1.7329739368947787,0.9064692679309299,0.31039267173628765,0.1858912464101765,0.5455466384996676,0.42585052846130034,1.9513183336531068
155,0.27470932905416795,-1.0147363046027011,1.7863871568915386,1.2740785260852228,0.4140909485995207,0.8000941874672635,1.6168407836718883,1.0927410311822972,0.08458391197222902,0.5895749597405757
156,0.24340350930036378,-1.2467029814310386,-0.26171337748810897,1.168959346882188,0.6736614149797786,-0.7843427108729409,0.06901731776005254,-1.3717925593492126,-1.0380034631761947,1.5448251448741164
157,-0.08995959443722018,0.5365021729260033,0.587433114838927,0.21332513819088153,0.16998634433476084,-0.1423573163583019,0.9217033944498217,-0.29644679763092946,-0.1892722522172408,0.3414429817334623
158,-0.7040938639369814,0.4019901691514496,-2.021641054263426,-0.6863630351739592,-0.24447595774184247,-0.3584196181285342,-1.8598538297125597,-1.1435181702758312,0.4730178031464616,0.280628006101208
159,-0.34032018281773446,0.7824454004234056,-0.6560011919829445,-0.07981173250730707,-0.28983886832002803,-0.4182162798070559,-1.0787846716565748,-0.08568565705722944,-0.014496476561489904,-0.029886025474550094
160,0.2563926608931538,-1.7033061483682637,1.8113064713027969,1.1617542701937538,-0.351544546354277,0.8878768398303493,1.8026993197216719,2.3740076041025473,0.2550369804837609,-0.6708777420569684
161,-0.14603862622463473,-0.22453991985965024,-2.399593040829034,0.49293222659855823,0.21594372279114254,-2.1013278679804386,-2.341796906810556,-2.4882444415121716,-1.5916118410760915,0.3126253310835263
162,1.7327313160057445,-0.46967388954295763,0.9272636444021423,0.9001161170485898,0.8543074848152175,0.32100481042767126,1.332644275146717,-0.007489161181882427,0.23629098684294753,1.3519905063526416
163,-0.6587933243128861,1.7437727382183734,2.5399158830928457,-0.40630747124917277,-0.014755109333351292,0.6990018598436986,2.085416180806816,1.8201381789021964,0.852885396089309,-1.530202268952142
164,-0.532365288925422,-0.16714040486433776,-0.33394983088640356,0.4573939362402628,0.9741361446335156,-1.5546952208671887,-0.6422804232243333,-1.1598457071454087,-1.172429098007599,0.40453030716937444
165,-0.7318817122406873,-0.38840241930671193,-1.4386757428031731,-0.7546359386834112,-0.42644794917452367,-0.9481105471132053,-1.4954785787559237,-0.642614128402837,-0.24889276059805265,-0.5082639238498917
166,-1.0939920391805282,0.3695566171520027,-1.5585956951152198,-1.0001708227384472,-1.220932158340151,-0.4960109568548206,-2.208989491169607,-0.2231378204915976,-0.15411221750152862,-0.5983714170618903
167,-0.2355911519242267,2.1416083933686294,1.5947232740668962,-0.25076996580866034,-0.20918569781029725,1.887069828287059,1.1923476955385373,1.8941641678248624,0.3265088067712064,-1.0810381934522333
168,-0.011993544562610316,-0.27507337214991767,0.651130902589099,0.21269633860590878,-0.7290368849170972,0.4302103763281375,0.8092160810510788,1.3233609848411667,0.7040109595668923,-0.7537866097104776
169,0.020877867419035565,-0.6365048128358483,-1.7969871491956613,0.07124278912323244,0.37980041291594224,-2.9065737996324983,-1.8090559421764185,-2.5952653503031597,-1.733997392846241,0.007641090059246673
170,1.5459113414312697,-0.5048414269674834,0.6658962229460234,-0.21624543411552638,0.8645666445785904,0.7348071050298859,0.20228574034616342,0.9334793135044026,0.80175368728385,0.7439979365138637
171,-0.544014643736201,-0.5607378335164094,-0.9419342137187158,-0.33239186887726757,0.11184936014928674,-0.5252105624872855,-1.1374158146088975,-0.732418019808053,-0.16753657115521456,0.3019047487250391
172,-0.4243705471164929,-0.2623747766410441,-0.5539420013425203,-0.1865334725676743,0.508522869735041,-0.3212913371446932,-0.7411374516438265,-0.16469643636910392,-0.4514731515924431,-0.3681427624294712
173,-0.34211350030707194,1.6262165624337703,0.8376834231681369,-1.0349568555714286,-0.6494639768269177,0.5955824946940482,0.3557665357782155,1.2531086987426197,0.6249489260461094,-1.0198576661619698
174,0.7110918699019683,2.271535375640526,1.4316282413256798,-0.6694419245891373,0.663167498708993,2.000555704285479,1.4737842326582453,2.3675480317436204,1.5333372919970014,-0.8627457449988504
175,-0.6730091637523938,-0.5318470813279913,-0.04529771093785857,-0.3761070138025741,0.25392963950739855,0.9271846705364817,-0.038121904378357954,0.9430912524763991,0.6421648826268375,-0.816245255684327
176,1.4015660424677827,2.450238453370259,1.5317283841938443,0.9892443246996884,0.9600876491031616,1.553875271592748,1.590905793902782,0.803909499583049,1.1292004953327186,1.136676757296124
177,0.6632060116102879,-0.5256418357690387,1.5585931884494408,0.20091294266643556,0.1811100299259539,0.4405296583436477,1.7881392888580148,0.21851538133902387,-0.23873197100998428,-0.39188919660857396
178,-0.3255558672175638,-0.6178658947777765,0.5725815447690886,1.1015063243487928,1.1079326226320156,0.284437441753766,0.6524624356249253,-0.16710647202755483,-0.36702728448147404,1.1120774335050403
179,-0.9897382409192786,0.8192905215676572,0.47353478744237415,-0.7037926010708156,-1.1203389789946334,1.0394126529523962,0.4434064832183501,1.1331547392797556,0.11669007129460184,-0.8877218885455148
180,0.6510164785194513,-0.3798672926758114,1.9599602252809492,0.17975297944144106,0.6918226706536541,0.6789557239766084,2.3255809717667213,0.8016852066962014,0.010874418592569973,-0.5594622816605981
181,0.6980728915263438,1.7965994292553527,0.44491989245722874,0.47499025790378235,1.0646851609875954,1.6253634400481274,-0.13747259477211307,1.337022302065607,1.0567138017692022,0.5522090627959287
182,0.33332769820576436,-0.07371594759965354,-0.14029988541055985,0.07786975219710972,-0.11136570985900238,-0.9898784786660504,-0.06266429439805211,-1.4432761029806314,-0.5133114747441367,0.19726487920496769
183,0.9504424914708223,-0.595978337073238,2.0809057544609044,0.7465844887568851,1.1577870214748038,1.304057579640812,2.211857456923686,1.1316779357652345,0.959614340057702,0.4262031268772095
184,0.16280925432636734,3.323187141766963,1.1249093059406885,-0.7456030061136696,0.2330798478239835,1.842534322806497,0.5115785008185058,2.6255178746315417,1.3160091946114514,-0.2437887989943141
185,1.1196778968200078,-1.437129122017079,2.3616874370505783,1.644354044019,0.9375002654669949,0.3625669068696584,3.114499219757422,0.5213697475196738,-0.3095564287193535,0.49724368558487847
186,-0.5198351166426548,0.21061246818565144,-0.3238693594990806,-0.2632463046760758,-0.708810724542121,0.09195202804039461,-0.49981052741193666,0.08508744134156923,0.45529407991061066,0.19636831422539366
187,0.09958441524276439,-0.22431760541125068,2.448195951944299,0.9970423908726658,1.2586472569178149,1.7083443641154088,2.3128226328025816,2.098289902200665,0.6703408256544915,0.556895999097722
188,0.05532055987385139,-0.21304968231157606,-2.245985983142116,-0.9293231684414373,-1.2328826583914392,-1.6555078076097036,-2.1288837455892837,-1.9081633002170233,-1.0880226627933882,0.4436750756720426
189,-1.4223687300976153,-0.40667835022441007,-1.2606095839120819,-1.3416286345258368,-1.5500841803897654,-0.3625606695177433,-1.0874373326592426,-0.9699408289896494,-0.7488249833617584,-1.0776185655796395
190,-1.3541106054613983,0.2996315527481274,-1.7605317011093555,-1.4588065840337803,-0.5054640604985635,-2.1271103943849914,-1.3822391506565999,-2.0796478428194485,-1.3014639696731962,-1.206906947287211
191,-0.14558006448980876,-1.3556903629983865,0.2738075239068038,0.9866855575265973,1.2114103942910164,1.2066324648347218,-0.06719649222862138,1.2116033793305243,-0.009428141433529384,1.7138560216508756
192,0.46619953522663043,1.80113291671088,3.934721632865652,2.717913781718714,0.8278325686839918,1.8521348932605672,3.944217916378278,2.1799124006213146,1.0006050026581834,1.7215141173705037
193,0.8937022136381672,2.5150206814060123,-0.5217766577605514,0.03055344337251771,0.30301575497882316,0.9130268784405483,-1.151182646649106,0.5025294122786261,0.807205282117111,1.2630604416480928
194,-0.02462249510349018,-0.19944122768275768,0.41968020813412327,1.3088358426864795,0.275227137813689,0.4429511647102174,1.1605793485416025,0.20723556629971915,-0.2784868523710084,0.5867990709973907
195,-0.9678128356027105,1.3816461863356782,0.8070717413915389,-0.15522153515924508,-0.891195012319134,0.13105482965930765,0.8040771479998027,0.7277563203865677,0.4306665521461439,-0.031993500420768706
196,0.6759059369263182,-0.9858907198639467,2.4322403479783077,1.1879321088942951,1.4263195354485976,1.9296301087747958,2.0188521945217124,2.2730213571595037,0.9960394242868611,0.6397793328841845
197,-0.13155651999907786,0.19136755569343125,-1.2783343291768745,-0.8271612223647238,-0.9800226086706866,-2.342946380488273,-1.420515600293032,-1.9225780149016825,-0.7950844395246858,-0.9900064659453753
198,1.0149147288600875,-0.6150379795442725,2.1135082935736564,0.9695802856247996,1.0884058018477878,1.2487977003521005,2.253856704301777,1.5649726351682924,0.8143551159139898,1.185651106992736
199,-1.425755694922452,-0.10184454090703064,-2.18414748415119,-1.996435238993603,-1.3224151931598822,-1.5961651357154247,-1.909331819587992,-2.0794563567413347,-0.9508317220084062,-1.3917380978712832
200,-0.14136458497331297,-0.8503270386854058,1.5635581046756515,-0.07101057658088725,-0.6128539207220426,0.5508204156533718,1.6267178884740976,1.0095894743713716,-0.2307606609842712,-0.456467742589044
201,-0.8811576873467667,-0.12085956379345338,-3.029093089751582,-1.7337701111296526,-1.9099470390344955,-2.267749588585947,-2.982950850186045,-2.9640847442306026,-1.883450965957998,-0.17123132804026678
202,0.47344573295657366,-1.3981556059523623,1.115193045210435,1.623419004824913,1.0057699303971905,0.810921671877475,1.7976154956459462,0.3584194443904909,0.7116596945908209,1.6929521452771736
203,1.3908000175772077,-0.27387671393291074,1.0531465554727777,1.1343013559162047,0.8500472398329555,-0.10483693297367984,1.5247480729108869,-0.5571883308383383,-0.0566771588669742,1.3654912803685608
204,2.6131701993642196,0.747398789961836,2.70207385117529,2.0629526813033205,0.5543798391009769,1.4210991696790287,2.5188458141001195,2.46193872392047,1.1176597919037448,0.8043811994748381
205,-1.80918396894631,1.2024977687292708,-1.1979358627980898,-1.142489082300497,-1.3972595760041644,0.20383962026114338,-0.6258548442843691,-0.3498546508354016,0.046434764795111494,-0.34112482544117617
206,0.6672665823696495,-0.8781301701783625,3.0350955750640574,2.1311757339431487,1.7175591987369252,1.7123496391259971,3.4944188939759893,1.6993359760959583,0.7901972646819364,0.7803592224820785
207,0.6197314615901435,-0.3426255492086023,3.256419681082569,1.4270474067632983,0.9723287073608265,0.34776804154497454,3.2853461247521794,0.9417998751217822,0.14701617932354788,0.23722285849191768
208,1.4182162276156065,-0.46108704124521127,0.32823196862433335,0.6779097877890727,1.1673322467396676,0.32011873427907966,-0.31398866619095345,0.5056304604943325,0.3714958037961296,1.0547097698475718
209,-0.9914387531964187,0.1479022787114395,0.022633858330324174,-1.2429227773493372,-1.5284432863234974,-0.6308960732704302,0.19311565107670906,-0.9125317579727708,0.33065673824012815,-0.8894611097135806
210,-0.7222881987128056,1.806417750396417,1.201936352464617,-0.5779317582594945,0.6466952491042616,0.881657601168711,0.8062044523549805,0.933657210040597,0.5244207013804472,-0.6896082986741005
211,0.45512288680468604,-0.2765438949606933,-0.13927163693150177,0.3545069002743307,0.7226596840411432,-0.8729363686078819,0.07275944375583619,-1.3924841392622873,-0.4746883854391279,0.7190731000965817
212,-0.28912821808286226,-0.9265194410224609,0.5194297593073257,0.12739178859269668,0.01955542530030518,0.5638706982981402,0.14871380974712145,0.8210804150304244,-0.30417791807903666,0.1802311481729363
213,-0.018206976323632676,2.550462286272319,0.5112411417565801,-0.5635110036797925,-1.2656439879961194,1.2425694928232063,-0.2944566272880734,1.5490211496922013,0.9436519511954956,-0.133829506055537
214,0.1465572486423929,1.4470502837997838,0.4033766827762596,0.28870230570996624,0.19642242837502755,1.349516272230475,0.35377771883233783,1.7038608817344387,0.059017121912473595,-0.2431272710585841
215,-0.1636732423511494,0.0418199886295038,-1.0227111314075514,-0.3228318168313274,0.1380771043154914,-0.6841330670953777,-0.28854708515966243,-1.4652521757241088,-0.9029299192991243,0.17584983569453183
216,1.9220110368326573,2.254630248135397,0.8416106660866074,0.533150288159009,1.3820794147894815,1.3635569812753654,0.15044497320112477,2.319051759664527,1.4679559044171708,2.352882220547707
217,1.9457662185907219,1.967740332957416,1.5844685787422723,1.4098385382250886,0.5817820367114881,1.6496543674474684,1.4599313810805705,1.6528106805571612,1.6251561854330099,2.354797443432064
218,-0.457778420360556,1.1583065503185968,0.6138689670231144,0.38971351819617434,-0.48903497869929485,0.6633540655520692,-0.17223074377904093,1.152130022920279,0.8905494664934014,1.0125893220511708
219,-2.2840951659088624,-0.393693345766801,-0.638824204039274,-1.4487095881178789,-1.700894343178285,-0.7521813519006858,-0.12271162818516822,-1.3626673916933447,-1.1726927282961543,-1.5324368767439236
220,1.22458737127914,-0.8879528423915773,-0.704387620454982,1.4003324843854037,-0.052394251352990764,0.528840804769534,-0.8122565511877455,0.4483758599496956,0.4996055427010378,1.5932300656487164
221,-0.23880254655776845,0.06159161582074235,-3.1663702726745386,-0.6818064066189125,-0.288558624723111,-1.4133933671691867,-3.0273320885209647,-2.258486011822037,-0.7571684239141361,-0.1327024212384285
222,-1.2500386135719712,1.3272127518888521,0.40159686233005687,-0.44511272173308186,-0.2570946327475256,1.0454829177928802,0.13658851563601193,1.1908479970576742,0.5272005670337877,-0.558483586587562
223,-0.6617999518709461,1.4987837609095547,0.6339497559414581,0.5268188804990009,0.050078044793642786,0.8666547590330279,0.7981042279984175,0.9990896435041717,0.37351492020922206,-0.10262040962559908
224,-0.21808083957211608,2.613988634539027,0.03517318683969356,0.4676469676629571,0.5919333201076512,0.7097014244516059,0.10268641722349649,0.12663192460712375,0.8362189729903313,1.1442059019678565
225,0.20986048229327783,-0.2678593962061307,-0.3807012578456728,-1.1071831937978212,-0.7602089078102705,0.4564472848112372,-0.6460228896817687,0.5133906148390663,-0.2810624773527401,-0.17945412408937256
226,-0.8377316256935188,-0.5760602615770596,-0.20238897203565082,0.2074223123613615,-0.28648506038046406,1.4139364589881134,-0.4204433083245304,1.4638493636334213,0.4084323613704915,-1.0188529415839067
227,0.7305871547347028,1.8369872694044262,0.9765862207036099,1.4205325803935642,0.9612683186610439,0.508404831975745,0.4386348471069023,1.477879727367395,1.1347266320072429,0.82055356199917
228,-0.5551735708145901,-1.1271510953048767,1.0401190832011284,0.20519212826496727,-0.7983649001208539,0.8859844400489835,0.8813923315463218,1.4594520841204206,-0.4775715558935398,-0.1697731762275321
229,-0.12116252706952979,-1.0092769401699349,-0.9666117839994437,-0.750321652787929,-1.1102025048271416,0.21695468316550007,-0.6187443453793621,-0.37236237722498045,-0.12822555714940834,-1.1797293692693012
230,0.47452365244264394,-1.482226920696438,2.3291037860063675,0.6075549482554549,0.36193231758627353,1.4991040227800452,1.4703896403473973,2.570549838128272,0.333022884373288,0.17173180258038856
231,0.4465948152368904,-1.474821890921764,-1.2925883439303618,-0.24859661868152674,-0.4231698321746917,-2.319601750699167,-1.5114507418532441,-1.9851630118481596,-1.2431512576823065,-1.0237036650103344
232,-0.3078449251323855,-1.0684839260849415,-0.5145778563183263,-0.04199507907717892,-0.2431472487931459,-1.8021624648916357,-0.5667511867187423,-1.3641185713924546,-1.9447077867616374,-0.6383578835324669
233,1.8835451211649237,-0.6498419527564341,0.6331977909538764,1.0364877500545029,1.5643945887381692,0.708513901791148,0.8769941163063069,0.2774173705792289,0.2309327857144092,1.130207610328074
234,-0.4626901621696496,0.7957809401273117,-2.9060228891563504,-1.8172540941847164,-1.7243272676010386,-2.2325548949442022,-3.012955267294762,-2.6583144843146393,-0.8491271631689171,-0.16325310580287072
235,-1.7413389647521162,0.7217229160191896,-0.06235490664746474,-1.0956420387452537,-1.050374548367292,-0.9265068228186395,0.18363651158050462,-0.902705451799422,-0.5437328513174869,-1.1790955782860382
236,0.7684102104769457,0.3684693018792549,-0.5690370446847627,0.4826713514362174,1.3351781075374594,-0.8939611487196313,-0.8215537513028177,-0.3917921090054741,0.7107199564505802,1.8068025618258132
237,-0.8764250884499801,0.761735158712282,0.3116774636521213,0.07924234558277561,0.8026345856162634,0.9085220762561529,0.11032378344625718,0.6272425692105771,0.2926944474752962,-0.05516716188928303
238,1.2412559353729948,0.7323508191053518,1.758621955066972,1.5597436194842198,1.9742238888764438,1.3579422165330226,2.0219685742448354,1.19891850077467,0.6512836327212874,1.7590245632044315
239,-0.944943092770416,-0.45951283735682696,-0.7741801372537868,-0.5388411058245497,0.11422604705296935,-1.4020034814191786,-0.664790477962158,-1.695522959881624,-1.0439968246732543,-0.6582077156305975
240,2.090511167309847,-0.7481327511385376,1.5849326773823436,1.7516609036258228,1.7336516974549963,1.0375074613351858,1.2005155319739726,2.2205927309487334,0.9105447049113918,0.5767114260196317
241,0.30855125967391217,-0.815664427602275,-1.414773445704628,-0.9097942717999966,0.6871573651385486,-1.667004408433802,-1.2240592425898142,-2.232047942529205,-0.810370142692024,-0.17107294533773246
242,-0.07908955602104151,-0.190753742915111,-1.4391732516202944,-1.0948582289131494,0.12579421217710737,0.23285341983766206,-1.6682592467325361,-0.4842377404747012,0.05287566452965329,0.21738465905627968
243,1.3196789012999754,0.4604382214696568,-0.4679918948044546,-0.49431884764845246,-0.162199139675734,0.01682729898885827,-1.1332551601865766,-0.2733208262163703,1.0148644780496305,0.5006534914369519
244,1.0519649818114245,-0.2214082088979228,-0.08330567545976342,1.0375044677278984,0.6343515900202977,0.1966406435782833,-0.19817556902601013,0.171132407377443,0.04560931875158585,0.9413450986913234
245,0.34170686277621104,-1.3995919825186622,0.8119991354785947,1.3912185570813622,0.9769547122330755,0.2356822670200058,1.1377558685645601,-0.06832707561102579,-0.5596649296883108,1.4406546531028224
246,-0.5641967535363664,-0.8769463490815504,-2.5327202570565457,-1.233515746131467,-0.13052611193964117,-1.7179862076503747,-2.5449392708524754,-2.6005691671122855,-1.0578483017235574,-0.5490568169315407
247,-0.5723371252912489,-0.05343137006317848,2.5177394079428503,0.4292736496238346,-0.2985630088295496,1.2745309441408008,2.415634820870812,1.7515503280330953,0.8161640604779051,0.06392231368095204
248,-0.5063230948535121,0.20855415811655562,0.1761589755935266,-0.4217340116098643,-0.8130237128873936,0.21748291217023044,0.29676869230020014,0.5655015039617971,0.47303289557544,-1.11123468698861
249,1.8739078560965055,-0.49575163330858474,0.8578118101365579,0.8413056042085326,0.8564733264407813,0.6886950264090913,1.676860319042015,0.26472125212302733,0.011113799530601263,0.9474576565594188
250,1.842875420116454,-0.8411711379016543,3.06387100715013,0.9560724312469345,2.118097038933095,1.3434898316439665,3.2409772976323374,2.36174160527063,0.7535545885522944,0.6860563247946959
251,-2.472789847297229,0.13013453412381185,-2.2741904793217285,-1.4720135248636173,-1.489407282705173,-0.6239904228422289,-2.2138847441019758,-2.402428464776429,-0.8190374784275172,-0.7606733874856432
252,0.020953684101241748,0.43713950113658145,-1.1446890107179655,-1.0726416237274456,-0.16525937082195605,0.26644714993263585,-1.3199741059257886,0.45155999447790557,0.4056526414571509,-0.27638759651560324
253,1.8709509142588452,2.1571201246623137,2.1431229918812846,1.869620152239635,1.6091829158462976,0.2750551526263721,1.54813859109246,1.6349396785948327,0.9195109470884963,2.7278632696836085
254,-0.12520919314820905,1.6369053037554058,0.2815228333564074,0.08745929268909144,0.7609807945339421,0.5249242142690775,0.5374956122826438,0.5024616881695696,1.244579403162711,0.04415655318557764
255,-1.8229724273124304,-1.2117416679639148,-0.8941368642235829,-1.5015661042038166,-1.0622260635562597,-0.8904702893215627,-0.22883916968523194,-0.9808598929007031,-1.0371720796273542,-0.940997461133534
256,0.3658282589677848,0.48179119584536817,-0.45824510252984973,0.7086316048515586,0.21885868578903794,1.0165665085336386,-0.6941292874988491,1.0274894067704414,0.5868628210225634,0.7432789317797603
257,1.1957793478071543,-0.10464367944568694,2.150350743901813,1.6247308133848255,2.3644427674178545,1.311806312468815,2.5184687660083034,0.982965452255614,0.9266948273230948,1.3705792941750428
258,1.0290145160198405,-0.514139836186865,1.5466118340442467,1.3919134051942708,1.8711165944150665,0.42800112365454385,1.3550099948818333,0.6337860593676807,0.41605989094577445,1.067629967825409
259,0.3960119357776318,-0.01696000298841256,0.2589846498527798,0.763997587174161,1.2419011673581404,0.3849431692597605,0.04112697753560575,0.5910736079039463,0.5638848446188824,0.6798814138343501
260,-0.5279768447504268,-0.2941506774474825,-2.288430337957761,-1.3574678090445882,0.08226803354517893,-1.8952878328271265,-2.4508780677974995,-2.3713254025993615,-0.8777897470582389,-0.07785098850488972
261,1.4379530756417507,1.5464349637787034,-0.8884916043689504,-0.011522100151099147,-0.1590508268894887,0.9894379064156376,-1.774060289209013,0.5784506115142427,1.5026781193201186,1.5342678640990288
262,-0.7197541722018728,0.753208816899859,-1.8906847088180267,-0.47447940733644645,0.3477217007309918,-0.7868177907356364,-1.9882785296372776,-1.3584439413513165,-0.25323732326783105,0.5030085579695558
263,0.8605364495567089,-1.0230920097241685,2.4047897921836783,-0.1249345897476353,1.3507707894939065,0.6032283445239289,1.656853317267126,1.5919564377816273,0.6936441894895801,0.5670970282173239
264,-0.02473059295543121,-0.4237152623983909,-2.4799363086903545,-1.5624419577507258,-0.41340409567276404,-0.3768677443905414,-2.675038895105891,-1.2613215683834464,-0.2869700448886513,-0.4129659872765391
265,0.9306262698714316,1.4964406689816598,1.399488048073469,0.09373150668040699,-0.6899092382259476,1.5390183700374591,1.0000222715163378,2.1175727384565817,0.55154704840751,-0.5412382415154108
266,1.200302080578176,1.9820622552359064,0.8171396097907291,1.2502469942998213,1.3084127501263916,1.093306983516889,0.34000813581236655,1.6417688389918428,0.5135278377116188,1.517087560008075
267,1.0724865800821712,0.6034737180173555,-0.030630315497468006,0.8393077887710337,1.17429303586791,0.8337455021583277,-0.1858705612980142,0.8824761248852727,0.5353059908542993,1.0238283267789496
268,-0.6456968823815458,-0.3962362357359838,-0.3900341547716562,-1.5692037993111434,-1.4108168902626876,-0.25007409823367066,-0.36778241062739964,-0.43763273148359133,-0.36965263549940197,-1.2507797882297016
269,-0.28037346013282777,1.5118409705082658,1.527760237849557,0.02024866899993863,0.07943755375940914,0.7355544185101905,1.4019014409723496,1.2498324182496598,1.0875275323928968,-0.6082605700168847
270,-0.13947648385095823,2.287918360723673,-0.9251189227354332,-0.7186744953016552,-1.1612557241735824,0.5931008724148118,-0.8097550537011391,0.027572301403211305,0.3786279500777395,-0.4010165699461315
271,-0.25788489960883637,0.46810886766735915,0.5321922000599216,0.03961704773129401,0.2245798069372923,-0.38973383296836606,-0.04358862502772989,0.6288282815155274,0.5389510030327698,0.4687560080508175
272,0.24818711879822927,-1.8281074236732149,0.6398440184468436,0.6602546138760799,1.3348384761497847,0.8110658760381187,0.6415079152770751,0.8830652694150135,-0.16895696668055152,0.5070449678511963
273,0.8170725921109495,0.10141335202643462,3.3250598384127033,1.5415769829313908,1.6742540974363669,1.394443214644647,3.6110631264887716,1.6652739624576227,1.4250156930231064,0.39853093643604354
274,1.3831310322464894,-1.0239649715460704,2.1844048436246877,1.335644074416895,1.8957425033949187,1.7385911111720487,2.515364554155855,1.5973249828263836,0.47601462831854524,0.33887230009455027
275,0.32680120131427576,1.8400190394832492,-0.16839598247224366,0.19697106323139218,0.8962887349356464,0.6273552296083275,-0.5836048444362011,1.1440521198405587,0.7105543261455793,0.06653612307151516
276,1.3315747677526022,-0.22125928551001275,3.605698876315409,1.1897212739524095,1.0556592715886433,2.2832738294953434,3.474207067381505,3.030588301409954,1.1811925595256005,0.29348131234990915
277,0.5536644296208255,-0.7801600270807383,-0.28205451695962225,0.563015434552468,0.7585076558114011,-0.7571918142415027,0.259626663455923,-1.3469779494994816,-1.1491001955318403,0.30492282805892396
278,-1.610609544519562,-0.9287761582799869,-3.5002437432320463,-2.1039154937013915,-1.0827234897408902,-2.4698470368073964,-3.3363997839614274,-3.1698752421432292,-2.013792636534483,-0.39088777656352003
279,0.8336890844882587,-0.4544272036429037,0.8663395847298173,1.5308652325083916,1.4256816149324731,0.27577250114266305,0.7162211554000765,0.4517613765119829,0.4123779545561793,1.9146197779819414
280,0.24575449536007843,0.5919001276754957,-0.7765048338190719,1.3038203556818093,1.6688386516147264,0.3116845735662686,-0.24480746847755586,-0.16907230318060693,0.5699313891215795,1.8281648938787265
281,-0.0930306082659835,0.23001134534029644,-3.6292729835452135,-0.459519470821641,-0.37638938437681224,-2.710888613832104,-3.0984263482591463,-3.395017233626057,-0.9608506092530196,0.7740862288521358
282,0.1622023676923187,-0.30217098998838504,-3.1513732669821146,-0.45324001468729286,-0.21193815390032042,-1.9779190303339511,-3.1298167201131912,-2.8865220138086545,-0.7086072421910553,0.5830266673658161
283,-0.07309909155263912,-0.13206041260294707,0.37319156267809767,-0.39152921678110036,-0.026563275292785956,-0.07852818008502085,0.3875222631817271,0.3778205507405852,0.7458929406852455,-1.5917506007156557
284,-1.6802317209506576,0.08540707314940302,-0.26706752473728307,-0.7569010753581168,-1.419871583161014,-0.12892299498045617,0.0751931462581938,-0.333452486839326,-0.02910580192528304,-1.102013328055009
285,0.1896465622447756,0.3428247143169054,-0.7957243601362933,0.33750009293979494,1.5875939731024582,-1.1284020779457042,-1.1811552146902222,-0.6779108943485259,-0.14185329183549839,0.8261892192876348
286,-1.4955817675880312,-1.693987834257226,0.15679835021505276,-1.2280463511769815,-1.6375654487350677,-1.5064132109646295,0.053242975288512476,-1.0340698712084933,-1.7892048122140198,-1.568409395768806
287,-0.617641506163854,-1.0377135871321084,-3.512412938473215,0.16882747970935774,0.6692900631036133,-2.776675422037358,-3.319382042272849,-3.7172999299361553,-2.043120122231129,1.0374157477713408
288,2.2684245331813795,1.9571754889059048,1.2986215987340128,1.8175382858091906,2.4132238205412175,0.46240282629284707,1.1850688828842793,1.0680161280932932,1.8427729706245373,2.6236486138883306
289,-0.8845685917703607,0.6217737134283307,-3.2003984942646735,-1.3560449546902371,-1.0828322608366059,-2.103448854306091,-3.165142921418586,-2.4862453838930487,-1.146144648767725,-0.03501778600579395
290,-1.3779519882972198,-0.24184458087751518,-0.6759366751940677,-1.1466155072305513,-0.8222046645962162,-0.4738551903544851,-0.27776260956056126,-0.757913960877691,0.04570118462489903,-0.7844625336624718
291,0.43797940987879075,-1.057729366996245,0.9784545040605952,-0.8474620141574754,0.0758163263962997,0.4268772813549458,1.1618687622135964,0.2834581971468035,0.43138297173873164,-1.5602786363653858
292,0.23600227194479143,0.5290012268840762,2.1503651211012764,0.9653362595349297,-0.18686855773531263,0.32660183044892915,2.228061721190197,0.6231819088514886,0.44280272964664935,0.4251962303952874
293,-0.2255429634892544,0.1142702035399886,0.11172066804523471,-0.7319950271930745,-1.0584813322488176,-0.24126576290744053,0.2502386779751911,-0.23034815012175958,-0.3106459316293354,-0.5705878850288758
294,0.6469406661436167,0.0036474153645364967,-0.7183206836165336,0.8872676596885575,1.0845891178546945,-0.4781451336278838,-0.5809977114237437,-0.5043383011014759,0.15652190361874382,0.7967974173646128
295,-0.472753386063424,-0.795593260159375,-2.5273857232740378,-1.312271132919125,-0.7146773090943571,-1.9329292376979565,-2.5715407122892064,-2.091064560081388,-1.631185603407463,-0.7908362047701725
296,-1.5028474271247496,-0.33655018314207064,-2.1616339997594007,-1.7628785365077277,-1.5364348650167343,-1.2980371590285096,-1.7193792441486315,-2.8821653477486855,-0.8560734806739061,-1.043469764271709
297,-0.14923355138958916,0.2494711671699697,-0.9474761934892161,-1.0006992286679257,-0.09967661769616942,-1.340674920231954,-0.5746629416634377,-1.2315003265453934,-0.6249735270002882,-0.49938678228125066
298,0.07184779687554572,-0.1887186732219994,-2.1242244606023504,0.24896254474431503,-0.45885286888705135,-1.833668215040147,-2.1844482756053036,-1.8410324083471306,-1.0123667960194822,0.729802184454103
299,0.10805738880179337,2.335964461716834,2.045527906704956,0.5175470942416869,0.4919659862490609,1.4866083977957718,1.685042988574543,1.9357200856913273,1.175051564577196,-0.4059455799522348
300,-1.4014434862336318,-1.0144811804517218,0.30668159979592724,-0.6731575738936949,-1.6482249436023086,-0.5571280383518367,0.16051924373843307,-0.2392227557801778,-1.0659580605938623,-1.165641013249368
301,0.36435939529972383,-0.5794181924226881,-2.063175311752245,0.07330565198383124,0.48139129056896707,-2.2752810212481647,-2.390678499176551,-2.3390739137398326,-1.077053959283216,-0.4664727473109782
302,1.1877237992175387,1.64854950043789,1.6897910024830083,0.9588336838265507,0.221010764868692,1.6862356279269297,1.8042047973074804,2.3739673768423892,1.1016195857246809,0.4016454965868979
303,-0.34404888699228864,2.067495218160612,0.6738339887477542,-0.18999654605733635,-0.4438629202823013,0.8172518030407714,0.6803845203626934,1.1405414072068214,0.22911850125065406,-0.35772154218232466
304,1.3019961792847232,-0.003946872736473802,1.295345039950841,0.38148529622839905,-0.17926865516388224,0.4035008862974854,1.2709635476490297,1.2824167816829404,0.6432411032375948,0.8267121918173967
305,0.45101638024927243,2.442415192371934,-0.35956001746378136,0.47926882239107454,1.0814397550353185,0.6433995469788746,-0.8909888350427939,0.41730542063237097,0.9909904667801077,1.6849161183642796
306,-0.28964923054200004,-1.813353749211206,1.8403110331302688,0.47877874142654336,0.7175978033768552,1.0597668835057281,1.994342918191035,1.1578330580279228,0.08619204646367595,-0.4213019637537583
307,-1.63572508531566,1.8390910993838119,-0.45549313211307124,-0.19707275628734952,-0.7465789606527582,0.5859043574110362,-0.44977156842072835,-0.14583849772962132,-0.1774377180335796,-0.25855578312243777
308,1.7657353577832176,-0.2251533417191455,1.3785977627589485,0.8205898997706864,0.30031892632034163,0.7133410762150805,0.7840844617688145,0.8800760760846287,1.0311467672849663,1.1878645015321536
309,1.254459594135484,-1.2666936244083706,2.547681756395639,0.21308775967689664,-0.31256728509861376,2.1628194504682328,2.8618136346789522,2.237758653079152,0.935281163764863,-0.7656901182779209
310,0.8053000077514014,-0.18827147749799278,-0.11125695149453775,-0.07434337626675194,-0.37481370634122496,-0.6632430697097748,-0.5885206902185229,-0.14022398996995245,0.006975400768049623,-0.739248350421407
311,-0.5291088547345686,-0.2236054924913393,0.40720485303764864,0.9674920853149073,0.7508256839111976,0.6595018899638192,0.4005974988352271,0.4506826949289885,0.1697731076478423,0.552524044675214
312,-0.8414196768693736,-0.7168167136155711,-0.6125768251363922,0.036088666298963616,0.2891523654719419,-1.2466917523621828,-0.030342112290296465,-1.1499903144557437,-1.0782831500230305,-0.7153050589890025
313,-0.025644824951501603,-1.1523608724645573,-0.44825761036531264,0.06910077087753476,-0.3024116379325305,-1.483395150922594,-0.6044564349194176,-1.110967700285028,-1.4477816286638194,-0.6406200257475798
314,-0.5526850210244831,0.30125870225457224,0.7732942981883816,1.1588823052869437,1.5474327427463344,-0.3298017527212863,1.135991088811889,-0.6234362488754047,0.007302819518245786,1.0564583005281016
315,0.4108059410042101,-0.13942767047141577,-1.5268923607259282,-0.061534829757944026,-0.16597715186713496,-1.9186466122754189,-1.7528775846046925,-1.8669149875409938,-0.3466722349647584,1.469257980176948
316,-0.9408543024414152,-0.7042800341840655,-2.346224465974365,-1.6328013819583178,-1.0159646327873844,-0.723870745238207,-2.4971788752076116,-1.3133167288469076,-0.5962768826101214,-1.1650349164185028
317,-0.524175433176492,-0.0037962619589425248,-1.1848895393232965,-1.3468905726778349,-0.7149008739603825,-2.1111998476584524,-1.0548582072129447,-1.7215054582714915,-1.5600244070096811,-1.6245506043762232
318,-1.0509850391252156,-0.6843326756825234,-1.562000560847835,-0.307968010888027,-0.5733828253800389,-1.6937545432690522,-1.4771615877634943,-2.2148474752812732,-1.337977459714232,0.09783609302032295
319,0.283342686684499,-0.6773793435458328,0.5470373929924581,-0.28137529172277254,0.6039489959264709,0.24396493693056712,0.21994248087590498,0.6843011997153997,-0.5810406842505804,-0.5464395502868293
320,-1.0478885615397089,0.3003102164962876,0.3497556964133069,-0.5434722276191788,-1.1672662540349448,-0.17059980411620138,0.3964865289862267,0.03992111219995521,-0.015537546012289639,-0.8127342340718784
321,0.8331774593055208,0.9237829208025019,1.7629296946964632,0.7079502657337189,-0.4338007410582652,1.099720067659607,1.9074692813153458,1.3722657397823705,0.9087034012355628,0.007603442278256208
322,2.459009891695213,-0.019207582111806842,1.054894663970247,0.7770095456150006,1.0565960080104912,0.4139985206414972,0.6207654418763513,1.0475230521377283,0.6702168566081056,1.2483930225901594
323,1.257265544706952,-0.26554630484060654,0.3559260954147148,0.5029653164872299,1.1539919336903284,0.6161175189899073,0.7199263010775764,-0.09462386765460765,0.2442065081197135,0.6654940448951592
324,0.6103652657261123,-1.5334403514939041,2.2489706548018624,1.416785514922614,1.7827180478478455,1.3298165221842757,2.4678262867799043,1.3128089108220349,0.26959583827108174,0.6204031357715908
325,-2.0285447676359323,-0.4756980403601852,0.23300754930703066,-0.7074239259120946,-0.9634131809196618,0.32943619819327635,0.6163723288614403,-0.1658196542872009,-0.43725898896459486,-1.3134836511130217
326,0.4811290978708283,-1.2393281728469052,0.5757140683034291,-1.1327104636288141,-1.1851278900299234,1.0722576274543074,0.9366980998676218,1.3660325314140274,0.5629519472934178,-0.6006409629353628
327,-0.17838067429996426,-0.4346593770556037,1.1100674714709706,-0.21866867188634267,-0.38770898160286676,1.3295382446320947,0.4788149101577966,1.7569186424693808,0.07568925111644759,-0.6588323407277257
328,-0.9407125295474137,0.0982567876830219,-1.0404992702542624,-0.8977551209093285,-0.7785955904603328,-0.3775238298316768,-1.2420164266544327,-1.1033461401163218,-0.11284656224113927,-0.09531044691562077
329,0.9928830557144674,2.1525720236947428,-0.6253314109427233,-0.3995798375721656,0.4639315832481092,0.214299702873971,-0.9031386195703066,0.5457711573756912,1.2040316256350965,0.4178433923484297
330,0.2017999260581714,-1.0758975373490536,0.5099385163993271,0.08059818036114963,-0.21912961115337284,0.15512270065230516,0.46761754314965287,0.10371285265925723,0.03633377071899771,-0.8940024337097543
331,-0.7425175226177257,-0.3254559945217805,-1.1421984519072135,-0.3514851732354596,-1.1702322875419315,-0.8951688958266057,-1.1660389153525332,-0.9161597338538425,-0.6532180429092166,-0.05321852019247515
332,-0.34337446182113496,0.42766286685993155,-0.9913266311544268,-0.9273413358991242,-0.5001787590104106,-0.8646902022071573,-0.7028944306388558,-1.2461034668717852,-0.7653593066785548,-0.37035545651557733
333,0.8064886325839827,2.48460938541011,1.6480786355066313,-0.5276834101319028,-1.0764962522475725,0.8436311396465295,0.8707226343012997,1.560011509929675,0.7402778955521582,-0.4879925161186648
334,1.0810584940262127,-0.136571308317128,-0.009766052746712437,0.8613793618023939,1.3512003507362484,0.7753810495346539,-0.17095874297668245,0.19176028821589003,0.7600626026884263,0.8757675915501366
335,0.8351612966646983,2.29530474333543,0.11707100362066453,-0.775527378651055,-0.5835502091202428,1.094263776922023,-0.591423887141265,1.7960373491452435,0.9363747208880127,-1.2759383006735028
336,0.4588166217985333,-0.9116319927423286,-2.41379342959171,-0.31324568355171,-0.6701454974680431,-1.8280834889354283,-2.1984678006523137,-2.8413862133947156,-1.1485222809579463,0.7174416596274881
337,0.9950296852381759,1.9745201451336092,2.191695763921428,1.4873002260138306,1.4556510611946651,1.6414191980249504,2.386879647785347,1.6211054322835767,1.3254604996352117,0.9592217864504978
338,-0.5203101546003871,-0.6082270825207947,-1.1849651759392497,-1.4498009329888186,-0.6602194766768882,0.6413481243219595,-1.0565722794327632,-0.24948344555114155,0.30164703824537004,-1.2182619600602598
339,-0.2934855320134329,0.8507115929690318,-2.5147798809591992,-1.0356112866964007,-0.6517270257612409,-1.2980177929500631,-2.5847885602427985,-2.2639605020989015,-0.2088691333227722,0.31688229437280735
340,0.022694659362617893,1.0869472915549931,1.1072305439901229,0.745570485438611,0.8921524911942108,0.9182558716451004,0.9531091379922741,1.1914947016194042,0.18135917015081973,0.42031920265017875
341,-0.9390564820146063,1.9879081440896496,-0.3076798191573313,0.061568745073216705,-0.4660159086185887,0.9515963106509367,-0.27754156807463304,0.25441746416050254,0.3340356088408004,-1.1002551175555781
342,-1.150535795267971,-1.0173718190394303,-3.1529263517969075,-1.6662200318329503,-0.5770707559504131,-3.048041231849191,-3.0434257617511236,-3.461157620794868,-2.099414370434044,-0.9014913771412534
343,-0.10360482436340951,-1.260434827130048,2.479008423959357,1.7812925214159592,0.4287664223899391,1.3131414815528255,2.9145991837836744,2.0380947302519137,0.7416983417255923,-0.519612583104928
344,-0.7633015551673524,-1.1160363263983704,-1.1193714546028355,-1.080580477792167,-0.6308329666795108,-1.2069364084985856,-1.281174445932394,-1.1369948138164507,-0.3610763164383237,-0.7599461121636136
345,0.21472062110076112,-0.019822789852491574,-0.1911175060366437,-0.17307282572651125,-0.5474243521132723,-0.28301726103961916,-0.2547112451274933,0.41613298463955584,0.7142071250805115,-0.6336066925996084
346,-1.6319016272286002,0.409328546787603,-2.1208678618489385,-1.4923328536321057,-1.764618116472277,-1.935566392437743,-2.005447465279905,-2.26331524978979,-1.2379324997392847,-1.5211643275514948
347,1.0448762807355456,0.25916077679919414,0.06362435426806703,0.24750962806219748,1.079362085796237,0.7671376064691142,-0.2702590247374256,0.5849732675226925,0.7912593357947953,0.44290359003445817
348,0.4346361066455433,0.6382822875299683,1.0607582783295124,0.7079892670774373,-0.3721353862028392,-0.0015926277529371563,0.33969484501860175,0.7032661379003433,-0.20048136626217597,0.060204569169549374
349,0.3168131713683811,-0.16862039441708918,-3.6155384974246467,-0.06836955425996247,-0.407259273319834,-2.46828612748072,-3.3743839700198364,-2.9576690403004493,-1.4779919579096281,0.7482869955370691
350,0.07531398484488613,-1.4286247495351831,1.502580290257548,0.16881478518549162,0.4987470130247717,1.2385573826375609,1.4558211373140435,1.3095063318508418,0.4514238182127948,0.03412803436692961
351,0.4026564350320463,-1.4886065782333506,-1.1388091917030994,0.41396944562761095,0.01366170210348641,-0.4467631091356619,-1.509058984261823,-0.3397290624687417,-1.105251280991572,1.0481574009148145
352,0.5046693204160456,0.5152822064246806,-0.24164460334521543,0.32114145523653453,0.7009435829441484,0.9999482416118946,0.3337892931858031,0.784792842689191,0.856777414522285,0.5919478764482541
353,1.2030019225734956,0.4820360105512652,1.0473252101746524,0.3548161667440871,1.1075736883227896,-0.2078698312676449,1.3143106228289254,-0.6010300373155602,0.6472615386108296,-0.014956304871873275
354,1.606980802644271,1.3051719492511242,1.243077709020096,-0.10667019300072296,1.2035740866024962,1.4106737476883866,0.3498078643426968,1.6345644943308453,1.044486578272009,0.9246588721077388
355,-0.9575949568019461,-1.073452774209958,2.8395716188545683,0.881856657283822,0.00624507156691493,0.7850189449619163,2.996315669435228,1.6922235982010732,0.42053416784694253,-0.16339061217912973
356,-0.3628388826750862,-1.5821727790537026,-1.5859882079375012,0.5876318714809264,0.5804427043191451,-2.429451303087982,-0.7762147859343733,-2.4258124212231333,-1.5173492848491368,1.2622262160971296
357,0.5127608704995982,-0.6020936379809876,0.14752334859529284,0.29573746637940074,0.6473255533780282,0.376500387240484,-0.03998107543421352,0.8274805061556567,0.07745173845927124,0.5422110892112698
358,-0.18449839772498372,0.46462527372398543,0.43365578216439804,0.09907491361739515,-1.2039909372282454,0.7269084671172031,0.4813001470328375,0.9095023298892743,0.3315979569044497,-0.1944034447616672
359,0.2010446269099563,-0.28394438921062404,0.23151233837139865,0.696239197119972,0.18790232233763507,0.12558145877748822,0.2482196114911573,0.6701067161458062,0.1431287383931178,0.06995285448493638
360,1.2369334828599134,0.9648488909904185,1.9455293668004405,0.9391005554487418,1.5324750660897712,0.6927996775513976,2.09190087171748,1.1053786655757676,0.7417799545642001,1.074212084102008
361,0.5579995471873738,-0.5600303505695989,2.9190328315510237,0.9406474745091385,0.7420031047055567,0.9308755124486461,2.8989806800531284,1.867849976479175,0.6584131538430746,-0.007486258111066884
362,-1.2761475093983399,-0.5840102842516964,0.6749574817473933,-0.8162085074614229,-1.2010673139919252,0.7302970685900826,0.6482318349756578,0.6004616963249766,0.30422204356872834,-1.2655266611335358
363,-0.30063226658543246,-0.6657332521813446,0.6225664367871226,1.1357080369243417,0.9997711503890736,0.8289443125128113,0.26240987292260587,1.3645707124735915,0.5134481686345325,0.2144053879845122
364,1.577416101332619,2.6617760632027916,-0.7918534478348641,-0.7319928636428917,-0.44666650498520793,1.4223197184441048,-1.1962116578657718,1.3944609743081926,1.2162363873293087,0.03803412335890605
365,0.8574433967326628,-0.26445041472875574,0.26843778037317617,1.2450102983937676,1.1400745005441866,0.46462641830709484,0.8925070301903234,0.04422094246803332,-0.10233022995761022,0.8559789409705137
366,-0.22765882132375942,-0.6338799204882261,-0.3841511472486658,-0.44361108932004867,-1.1410560915715495,-0.1439540809635829,-0.18543379814893268,-0.11689630677788791,-0.1667153592384194,-0.47481439427188143
367,-1.8464708785468777,-0.3010894483325017,-1.7114469788240083,-0.9161027796085478,-0.6603652522104186,-1.51546866874602,-1.5497110396762266,-1.6673067188343746,-0.6677923227223781,-0.5143718538368146
368,0.07912311737966803,-0.5946534379963733,-0.5917528091150155,0.7620782497788178,1.1788427894100728,-0.38944462919134826,-0.44083152656337454,-0.595595763690453,-0.027441892519962895,1.7161892652292485
369,1.0578495734736217,0.20567578444127235,0.17619978513336418,0.372869419246621,1.030214763458154,0.3962785735377052,0.396995993945676,-0.04476594678505766,0.6145564815457583,1.321330694305449
370,-1.5180184143259376,0.47299565832367785,0.3926427969248909,-0.10103974592511059,-0.3582646933036411,0.07247448212865933,0.48657071538708807,0.03001003422942069,-0.295941190933076,-0.3819808493260273
371,-1.150309798729197,0.22249489384651785,-1.6486531077023714,-1.762296556361999,-1.186167822053374,0.14730977263215786,-1.8642882733892618,-0.5340921060869807,-0.3043172452072808,-0.7662241876438933
372,-1.1648614464641736,0.7565126038284941,-1.2485196119752073,-0.9307538236539731,-0.6646139094676325,0.7436776302725732,-1.0485908689165908,0.35272127430686845,0.47488147172457457,-0.6689017402012859
373,0.1249401550077448,-0.01787810442579873,-0.5715849234978303,0.8958001614611607,1.6072007729785105,-1.3827942974711194,0.10849140030836132,-1.9245321990550277,-0.22311728187128663,1.1713374644107848
374,0.3217925735491351,-0.5060301796278287,1.221212987151339,0.2592257740955473,0.8147753439043086,0.7891453912819506,1.541715233004989,0.4171158161744527,0.784747389161387,-0.15048995543878543
375,-1.5700580227122014,-0.6337746924078648,-1.1466273495644825,-0.532894640475695,-1.617868834584524,-0.5334954490095563,-1.2311568307443743,-0.6365999234945481,-0.9877189011221897,-1.196003839034065
376,0.7030281478468496,1.7770976565188163,2.950000384012074,1.3935979408452364,0.6326340370151887,1.4050871464742516,2.7890630083076386,2.297002223700093,0.9613384192931017,0.03228763734645314
377,-0.19800701364910656,-0.8774071521577511,-0.46980407991682727,-0.16872826498482507,-0.45704335257416123,0.023994705605597383,-0.4947111466866621,-0.03888873833989297,-0.23670245817266958,-0.2696556077345508
378,0.05033843341444376,-0.37353677373931876,-1.595161376352046,0.4573919369879595,0.5429611447773968,-0.22015658126625592,-1.6028154701141681,-0.8171140735001792,-0.36813830490898136,0.58913561133737
379,0.5169997254863008,-0.450554022053179,-2.789451796397596,0.035670488035317825,1.487486021431927,-1.2644425680483353,-2.7941614233469276,-2.106092342149141,-1.3248876349793297,0.43911969872387824
380,-1.9674785815345002,-0.25766620061473067,-1.3759996447209966,-1.5121329206945724,-2.0661566921339407,-1.9233918445451168,-1.2150020286206984,-1.5966246882054633,-1.3891288236216293,-1.1851181487118998
381,-1.0897353911704004,-0.9655194782037241,-0.7415156516954183,-1.2044320900345469,-1.4450696043439464,-1.4685637442210544,-0.731433366289977,-1.1645042697263988,-1.2098325419772695,-1.2566154781928136
382,-0.3732562372780653,-1.174367544004868,1.1231463046104906,-0.09038623534795644,-0.20382036639560538,-0.6481259297545927,1.4321229886277398,-0.04504102291885326,-0.2484796199775045,-0.9773109061601489
383,1.0213738749721164,-2.1363614904772845,3.2514213075680862,1.5291997421517751,0.9893238285208446,1.186298895734751,3.81767436301164,1.8030430266442758,0.16301528835216597,0.5191371197305767
384,1.4087483472783418,2.056647517629974,0.5754096571462741,0.97674898652083,-0.31568302899296036,0.3679852782729061,0.13352886883039977,1.0273669630108369,0.6174789083138418,0.8738469399850173
385,1.0709113518949889,-0.35157716117221366,1.1521182527692029,0.5714383275383489,0.7545996242397716,1.0787043534319822,1.0017355613289451,1.0678590546673608,0.7961890943538749,1.0782396881630976
386,0.5627669489489417,-0.6334633679376124,-0.5183706966159795,0.8141431312230548,1.2974430743801317,-1.3501915061711214,-0.6457906546692664,-1.0810801483417352,-0.7033706918430152,1.033852954674853
387,-0.9397782670607907,-0.44997951520866,-0.7393405905026356,-0.10182503750525214,-0.2262216531736386,0.1780893968127149,-0.3571351763843539,-0.7038779981271448,-0.5872432895639771,-0.12798456632507654
388,-0.1846299156969283,2.2234620572739505,0.8024935869161782,-0.22553819706182407,-0.3692931781328136,1.4697127649354795,0.4951448494230911,1.587672996627305,1.1701724301612002,-0.18317026426263044
389,-0.6483454416875021,0.003823929317960552,-1.7892536724161983,-0.6085190794447405,-0.8072490334493726,-1.0811526903874829,-1.8822014605421173,-1.1925764618105346,-0.15295685088066097,-0.10652488652199173
390,1.6441921433677091,-0.3282059841619418,0.23822897970696566,1.413151384494248,0.6925159688296557,0.6404787293263781,-0.5383463000002177,0.9072371910838718,0.7919612331105781,0.3419659115539508
391,0.9692829622375719,-1.042197223880178,0.1571450315173223,1.1100832455114211,-0.21835903354584252,-0.008563975495931289,-0.23741534152552432,0.09732724095500171,0.22252673783091484,1.116081448479331
392,0.20190413754185985,-1.0977655528128794,1.8386568526380542,1.949536116898387,1.4566776302926154,0.6993598661327399,2.182611259869031,1.0395410514024443,0.24137037301230993,0.5579146622207962
393,0.40021980140412583,-0.5379051808972027,-0.26790020847004464,0.7801686750115538,1.1291937752577408,-0.07373544790197656,-0.8217555736699191,0.4456144734860124,0.5236170791276823,0.9896065367531584
394,-0.9578698438460509,-0.8910422526870123,-1.1986341295338614,-1.5282556542510255,-1.051188076311497,0.459203904070892,-1.0002639530106827,0.17869012485837216,0.28607059460311,-1.0279391648909872
395,1.156800208487558,0.7440434598545574,0.01192112550614332,0.3086100166480748,0.4758476528023531,0.6196495465547499,-0.01948150454680251,0.45673917130910696,0.548262888303036,1.0164880501779734
396,-0.8436317227417756,-0.5223500790205611,-0.3577968474422958,-0.46969803383727676,-0.6802604501305906,-0.2246657720189082,-0.13729032802121316,-0.6196852151322846,-0.4436931908163707,-0.2586561342226888
397,-0.8408028699074925,-1.3345773997733799,-0.09056699209867154,-1.0402930042219005,-1.019597119144058,-1.1919247811085343,-0.28886622383055915,-0.8300890826445163,-1.3529902251613763,-1.2713885272437886
398,0.03789567208147381,-0.09522645905516719,-3.1511639068624886,-0.4130655283240446,-0.9130258898802597,-3.275371736839134,-2.770192779173038,-3.2777557630184266,-1.957655416100923,-0.3485452936745036
399,-0.7281567780954963,0.4882529481237196,-2.030043588192351,-1.160552494565236,-0.8717221499409543,-0.5828836899093665,-2.5666605671343197,-1.1003177282488232,-0.11278374164536707,-0.3812548966548306
400,-1.6344442485266921,0.3431997892708648,-2.724810736299081,-1.9394091624597734,-1.56272023737245,-2.2034584820673855,-2.282095957391785,-2.6730457169398005,-1.8459708435541435,-1.0212950199471857
401,-1.5752788272880909,1.960003394550717,2.3701014394369535,-0.83237463888959,-0.3216799662232808,1.0769501475719385,2.0420113196305936,1.5684778817405713,0.9301309429514494,-2.265088641446804
402,1.628626965324098,1.120605257494644,2.5785256023502616,0.4910154284343314,0.5874568218508645,1.171369053405931,1.889744213565364,1.6566886046169385,0.7962427426719609,0.8651116213535824
403,1.368795762297579,0.9030389901611484,2.114290254997179,1.7656356132340174,1.7546626411902446,0.9562583849112912,2.5993701746607845,1.1078019285445493,0.9931157594150006,1.3230388072916495
404,0.6846684195937673,-0.4739047890053649,1.8721943977549411,0.4315579329287124,0.2752561234119873,0.7963997685887919,1.5839519198485772,1.0582091622759249,0.6401982388333192,0.05739251198377103
405,0.778871246872894,-1.6270789657881357,0.3860460733002795,0.12213740133359913,0.7077569945958986,0.7669965916477743,-0.17688742736994656,1.8256216057735581,0.24838902286895723,-0.6110373496601595
406,-0.128648031498229,-0.950354650517684,-0.5631620296317366,0.029591445296466463,1.068783150129086,0.27863152397198476,-1.0055950299896381,0.28414329216167283,-0.5540003158514104,0.1421849081838902
407,-0.3992547238305251,-0.6865926339732171,0.3967266842455053,0.9104507793543434,0.9845682891415395,0.059580299241145177,0.03552498050651905,0.6152020012081298,-0.17080740679101256,0.42986164744514094
408,-0.6924716003802722,1.5251015539424093,1.235216903078754,0.08180083584364099,-0.6859745171886502,0.5726621183008902,0.9205410495671045,0.7438757035804976,0.25911348132006906,0.2843052350440911
409,0.5666598301850095,-0.5227045321368633,-1.0390102406248705,0.07275112018593598,-0.20544535999469693,-1.6128267062402257,-1.2261427716293343,-1.4660250911815065,-0.3660969191619955,0.09565020559869387
410,-0.14583599021081056,-0.13688735658451526,0.6872058365417252,0.53698464921125,0.26542676099187884,0.19045359219859448,1.1210064098240293,0.04003853503204219,0.20153370879331892,-0.08038908524080922
411,-0.7312900602321621,-0.4119663009612904,-1.313988972990778,-1.6287578390201112,-0.5224839358387399,-0.37503172219217473,-1.2060095841326166,-0.9181940864305529,-0.23758252530972868,-1.5292935708202902
412,1.0784464350542096,-1.243766315528006,1.2873284645532193,2.109182793657673,1.5800287629627257,0.8679620458369434,1.3444024161902821,1.518141206054294,0.18558221961762783,1.3004994588683536
413,-0.8540250054690949,-0.4021349634726446,-0.7577091331888902,-1.5140661141425218,-1.3269288909140724,-0.47769513899954646,-1.1336373612499777,-0.35684386845749616,-0.09125630365127983,-1.6862338566830724
414,-0.4408626679752434,-0.5275933515125873,0.0006186423791036226,-0.09641008426059743,0.24622858942549247,1.3104909667077773,0.5358848003343261,0.7504090995159018,0.23114898681767224,-0.64089622810859
415,1.7999166760541851,-0.4574376182305504,1.0809211247017456,2.11093756763306,1.8718810162135902,1.7667325410533625,1.1349400092843405,1.8550315339236008,0.97853381322693,1.8969204213663906
416,-0.9956343155867425,1.5306131174610382,-0.19876195705855376,-0.5514007782429152,-0.49192008784881763,0.21877969330440167,0.01257826008310911,0.47129461133240536,0.6881245312790888,-0.7097436722083023
417,0.4655835013189875,1.9682241449261846,0.9589579736247633,0.9586912985416851,-0.29151391279416367,-0.06490531072276347,0.6200454063991231,0.6641184555851847,0.35418078558057997,0.7979610552294747
418,0.6266158323718681,-0.6886840666480736,1.0321439218544142,0.6143862917016911,0.26749277699512725,-0.02924735971090097,1.5710392782756417,-0.20226855292381973,0.18556461009717112,0.5668540229357195
419,0.39747755711092736,-0.6314292315691693,0.34291964536562314,0.20236935023308072,0.3618064602234175,-0.01351273797857719,-0.2674715619523466,0.016576800654935688,-0.32801490886069334,0.7401680664065375
420,0.9733954561644789,1.7290564344361183,2.50554421653598,1.692893051729148,-0.24948148756212418,1.233455910605539,2.1023174508508786,2.999183570274335,0.6346838431025867,0.007559412315640147
421,-1.1299423544134468,0.4710607979941989,-1.7348758889466236,-1.368522998369484,-0.8019711120710414,-1.6980299206185068,-1.4249976099894468,-1.8238716281630842,-0.5323999519025863,-0.37789317746393963
422,-1.0809404326554926,1.1498514733703022,0.2911176866217534,-0.9602236415100491,-0.5981656925799608,-0.22204513491125996,0.2944432817648533,0.12330213535865299,0.297995312449285,-1.223718566076612
423,0.3151134251697502,1.8047216207605625,2.938724583445212,-0.4320869252299417,0.3681516978711541,1.1912677360751833,2.4190306841884177,1.437712642496751,1.0909037840652311,-0.7527626223106724
424,0.2999660050925563,-1.2266133422621621,1.5012215235639734,-0.1789581168771898,0.48301590105940106,0.30798114197544973,1.8191190943152888,0.4688406052285963,-0.22447253548534163,-0.09188800759259369
425,-0.42105483091536866,-0.20929403015644557,-0.08543720769487778,-0.07953207377438923,0.2131246652069813,0.23712108286328337,0.0968202741052912,0.14367530637550957,0.05803089198962634,-0.14017239707312373
426,1.5209844985502683,1.8177032407649494,0.470320218865404,0.3060776246214447,-0.0368497953210356,1.40488886940213,0.6898648987382442,1.0661226661236158,0.820364073318446,0.8996037249299634
427,0.8835893093385835,-0.9964265834385364,0.06375491307341151,0.15252176161441702,0.21053850868392468,0.6898484802192688,-0.4936118802996908,1.078805392545394,-0.3645371400348892,-0.5460530438258092
428,-0.861766076953995,-0.0872234642618096,-2.8958980124672156,0.5593160685182542,0.7234846086880489,-2.2852745106988976,-2.328496373311925,-2.6383539850760576,-1.568397325166169,0.8826019368031761
429,0.12443498723010343,-0.11147405392240528,-4.017275644506583,0.3459270770090964,-0.43737724906288056,-3.002282335996391,-3.7933232421558873,-4.22708882442981,-1.9133786614789035,0.2926047704269307
430,0.9106762205539181,0.5709727237506578,1.8710838023920522,1.182038442334404,1.3891320565906582,1.6650190635857194,2.414872203419361,1.3710530377619474,1.0242093550511897,1.4870400363569112
431,-0.9900094042786997,0.017134313856528218,-1.3865123579747316,-1.0850481245904693,-0.7551887752955309,-0.12228320415921949,-1.2067445680799933,-0.6742191269309203,-0.08300119301063306,-0.8438901769960608
432,0.05441407777115734,1.0943598510691037,1.1178858885497371,0.08261315209659026,0.15059096652323253,0.8375563640239778,0.809324905020492,1.2396045806277107,1.1517540732734093,-0.07905291347076923
433,0.16750406005525867,0.2792269882979489,0.2285352995738738,0.9395304876014916,1.0934279137406648,0.09261334349187587,0.3430698202038034,-0.7129860345032591,-0.22499164438098054,0.783833215529853
434,-0.2399229347641173,-0.05342080430554456,0.6144989792334199,-0.7780684499743928,0.19543562968423417,-0.10319251661337515,0.6271489561555412,-0.09302230480490989,0.7941741883428415,-0.869506327550841
435,0.6743417897181236,2.2931054737103618,2.3962459301813834,-0.21677293941354014,-0.5891335237680164,1.304649343411975,2.097488482003578,2.7007844741432123,0.8088496514218217,-1.029955977367033
436,1.398790205057914,0.0967318319788893,-0.7239382668602559,0.9147219584319636,0.9461502251170916,-0.060278549818960483,-1.0034241087039577,-0.06424797180030095,0.24899965170842572,1.2053438626015245
437,-0.8897596280986815,0.12672663021767896,-0.6616740966741487,-0.9619692557982978,-0.8404063397787762,0.1321953940098272,-0.9028190517347546,0.17648475563065313,0.4381681945522815,-0.30256172456721075
438,-0.8005575388882908,-1.40274179049788,-1.2683119739009545,-1.2917909295332888,-1.650161293187435,-1.5690654654511957,-0.6030964749761876,-2.1164787400581826,-1.5850025927525973,-1.0903171342623008
439,-0.7447840749917993,-0.47963837867777875,-1.0147670333522636,-0.27818424307466005,-0.27433159735101886,-1.343791354380262,-0.4957642048313453,-1.736178982359082,-0.6270573923795724,0.1263482711452231
440,-0.09250509661389782,-0.9553056761815398,-0.8134061610546766,0.22005050989253286,-0.0841550600898837,0.07906854545080563,-0.6940438192384119,-0.02209724576225441,-0.5090072966723964,0.3952484301329443
441,-1.2875617201597516,0.04387070896113829,-2.9777451863614655,-1.6213047721940856,-1.3830143027615427,-2.423497334747883,-2.891779006800203,-2.723474399348997,-1.4934444836371057,-0.7096239240152845
442,2.085770448936786,2.039198646883851,2.2103828943522585,0.9777960451267644,0.8834119124978284,1.480356649549899,2.021088043752706,2.6234420529372096,1.0794291301599734,0.7814090369135399
443,1.0443176202571287,-0.48776640881513406,1.4364009308587784,0.472153650757814,0.9438903414693062,0.6286523432457929,1.5972014758086506,0.09762842531131426,-0.05717987276849703,0.34250276531012414
444,-0.4360223700908359,-0.7144963480637493,-0.24982415325375193,0.13194147142689658,0.14981595266080514,-0.14063868824903789,-0.6334688094574218,0.16060876741576685,0.041976678072348145,-0.26686375334033935
445,1.8124160149446176,-0.2737045808883076,0.06434297577689775,0.3096588054688739,0.20432832724239536,1.467712065714873,-0.5619139646786216,1.942572832049938,0.46148785640775886,0.5235257014137767
446,-0.0019530474765069093,-0.2704598259425784,2.758311229694138,0.3694418807215752,-0.3416025487340909,1.0869798117470244,2.622689890945141,2.078229801384275,0.5310357861163276,-0.5346112613331162
447,-0.3032639275876889,0.737209800310342,1.3431922158597804,0.7338264994287175,-1.5863253209028976,1.5422912057838152,1.0726711641125164,1.6378017180680582,0.7585987582896385,0.9648604032849575
448,0.19608852437607163,1.1509795178941828,2.4061660446646544,1.024176093700186,1.2278541741365168,0.7874190812948596,2.134473814926707,1.4478930208724923,0.48192952246131665,0.9052856868458387
449,0.574029269681672,0.7780038106291974,2.628461303175791,1.1725607555636708,0.9238203214089974,1.2951656482497669,2.441719993875082,2.0595067363590003,-0.10049781035761268,0.05402315730511746
450,0.8671382214447816,-1.2683607309766343,1.6848655111621063,-0.07777095613285649,0.7346910583505419,-0.07681719218010379,1.741786263038223,0.19830706812102952,0.2810853576644926,0.13408031408700394
451,-1.0837137471249507,-0.4555363267975416,-1.2677972330081522,-1.2928289755540758,-1.5491729119478783,-0.09660562338495964,-1.2141433186165291,-0.7112475137333093,-0.1953324849300963,-1.2459393146053623
452,0.6943153433054849,-0.9220541292689439,-0.2059745633186387,0.10696914448388765,-0.2052196243147558,-1.7663286323663174,-0.27879742466245727,-1.3521674359166918,-0.8804134490281716,-0.0986835861086974
453,1.1368137761804717,-1.9853187446539673,1.785959891401207,1.339957008079845,1.1623490838679997,0.9324779104721673,1.8627389503929381,1.230213848818404,0.12512564212888697,1.1883621761575276
454,-0.14556886498673574,0.018750900521710787,1.6642316623908848,1.381945421504205,0.9396921539841152,0.1577637826657685,1.099242014787894,1.1912846181097039,0.7554688748663259,0.924786241866629
455,-0.5429215434287141,0.1402805479077228,-2.8298010763819077,-1.849328305362674,-1.9698097472487806,-1.4406643630474738,-2.7050894841294317,-2.6888068834806447,-1.417163719938979,-0.8602693639601005
456,1.2516540083458945,-0.9036209863331335,2.486773103164593,1.8671722893337261,0.9329084062135911,1.7068816908610664,3.0327759664633565,1.6987218051807689,0.43933411022861946,0.24011827107120365
457,-0.009494258700787855,0.983472266686257,0.6661983070687401,-0.2082182605680299,-0.053001378099264904,0.3326144063784445,0.7764229629808277,0.6931800809222893,0.05816533288378286,-0.7675674347571465
458,0.4334002776148138,0.4060421168176484,1.0100911713636143,-0.30411828884862524,-0.15088284964478965,0.731183870033682,0.8502429495190771,0.9240335134991522,0.9489510996928027,-0.11697839670390381
459,0.3401381228483552,0.10279299573873041,-1.6605059266215827,-0.46256542038996973,0.24330453101873015,-0.3968474867760269,-1.6251348300287292,-1.3775358230409662,-0.5455723392898368,0.3181703705275948
460,0.6900978651897193,1.089088163868454,0.9110408620943549,-0.08281276205785572,0.09140183405708417,0.968361639862974,1.1571379156201633,0.8928754882537642,0.6859343794522326,-0.06211517279352382
461,0.39653486187837017,-1.4380985701864089,1.5636150032577434,1.2044000092074714,0.7591060781100932,0.567533578715167,1.8780121706430655,0.4569223341811801,-0.18063947960821433,0.6124983239726374
462,-0.7152666424617155,0.6063411739652677,-2.532531739102549,-1.2192887627188636,-0.008632011462778309,-1.9622156396937978,-2.637158228609842,-2.2227927052846823,-1.0009343578787764,0.06448159787858575
463,-1.8498668715740165,0.8482625719295815,-0.898122938533552,-1.0198102933659638,-0.7473911943919865,0.06463850887786685,-0.738620727405216,-0.494365658190881,-0.23011424767987476,-0.5877052305646184
464,-0.20970502664697252,-0.22952025579488794,-1.7413228623625736,-0.021505488989895873,-0.7242580774728079,-0.8382837540242695,-1.9724097516892263,-0.9915881964918635,-0.6150433913194236,-0.21285056149510975
465,0.8655248823438647,-0.2591152811054024,1.984911071350282,0.9883806951336054,0.5926730864982988,0.5705664909483321,2.126727218469235,0.8204333505290384,-0.03603245702523925,0.7995773308369826
466,0.6297534712166807,1.562444466160752,2.083305964341551,0.6501488861025365,0.32489223640271997,0.9732298790274354,1.9562157201158084,1.8387624224608374,1.0958381494645815,0.26170851938439443
467,-0.7038210418189396,-0.9251896276953662,1.8542540885598182,0.11266909242180174,-0.39753890389013774,1.4883949325613235,1.2487173103977884,2.076538902352913,0.7642888252998521,-0.015859227424287563
468,-1.6229389301901511,-0.8372727899641625,-0.14024202967391222,-1.5336072506062335,-1.029510267890131,-0.9618853929306618,-0.07259192954886143,-0.8643251071589242,-0.7293475604184864,-1.8911367193380915
469,0.23434106304806743,0.062297707502433845,-0.3509225135099793,0.49694711430702176,1.2794563042985538,-0.47343650165460405,-0.5046066729574956,0.13801770039521835,0.1019557009211752,0.04894649963643891
470,-0.9478251560970626,-1.3302219426260677,-1.4719145344451987,-0.7362508126121962,-0.1424356690196315,-2.0177022527357704,-1.74518905666457,-1.6589775859139573,-1.4106134391231973,-0.039351252751584534
471,0.31612716555476117,-1.1348288836042304,-0.233401420926119,0.7074684853231908,0.32783269941134546,-0.4600723897318108,-0.15375525407822693,-0.7113240841762046,-0.8384730305084274,0.5847041238113813
472,0.7375881849316862,-1.1219440397094589,1.8166346659263213,1.0256545557541925,0.9039579971221919,0.9445916279584539,2.5152878286398823,0.698337171801086,0.25519510805791373,0.0982693873297884
473,0.2461363699927135,-0.23449506775107012,-1.167825419441974,-0.03229710353874704,0.5700448705665445,-2.1113540958887547,-0.9941557532775096,-1.5421887470962292,-0.6616700932396647,-0.007560782249033525
474,0.3360618754458317,-0.5294965551051262,0.4290133462361448,0.32887222984528264,0.07499683754132828,0.8781767627445709,-0.2641743303701355,1.1014689434228155,0.35611562555985266,-0.00920144156047231
475,0.2913257513519693,-1.904629624687256,-0.47766680962612934,-0.6400348680685927,0.17061504018665055,0.2986000854118094,-0.6419753044945025,0.09653603273347786,-0.10724318205268914,-0.854521407635465
476,-0.1864514563725714,0.07032980096690913,-3.740753603287582,-0.9518447038291407,-1.123775804625452,-2.4603500710867774,-3.254202052330568,-3.0901962272765533,-1.2571120988959728,0.399204387294514
477,-0.4609104678999329,0.6826250328688367,-1.4001463770083113,-1.2812327246524495,-1.4874875685870443,0.44152414913401355,-1.354520112575686,0.06449313611555846,0.9519493226037551,-0.9940015783775855
478,-0.41247308749622713,-0.5871009061953751,0.6325486083201488,0.592267836542609,0.06776648959530329,0.33625367927454736,1.2421357824655626,-0.43914761661208174,-0.07753739059313686,0.08767568040937773
479,-0.3596393088178155,-1.298811297262881,-2.799040612117436,-1.5782449736590018,-0.6485183906649795,-1.0079124232407712,-2.8198635787075266,-2.4303628025902415,-1.211241000153333,-0.3485103815106889
480,-1.6150278824752233,-0.719800239292235,-1.8860325609323132,-1.413322089789956,-1.8587263122293651,-1.5065457784282468,-1.260600131167946,-2.5137461634850404,-1.2945387932896086,-1.4023327283824534
481,0.8714990310380267,1.3802236859042347,0.6417752408408247,0.7256022653540578,0.8165692967599565,1.0731741888040272,0.500811629455286,1.089972470131725,1.7141321820341082,1.3780798922805273
482,-1.1327737327130925,1.7882858861106392,1.7036475528623438,-0.7231269058691799,-0.44936139376487866,0.9522817969481013,1.4199238085591877,1.5277347874388358,-0.6444431157112014,-1.432063895241223
483,0.7987245178624628,-0.6509438161267148,-1.2428059025669687,0.8237560126233865,0.018598457465689555,0.08832992409825602,-0.858926637694274,-0.6245267996343001,-0.2859730642777654,1.561483705946898
484,0.41813723058911983,-1.3753415866646295,1.4394548065299668,1.0586774041011555,0.7696803065826664,0.5866126495556794,1.1192659489055008,1.1894168662862379,0.22741626786436317,0.16367565364552347
485,-0.4813278741771436,-0.6585096778364594,-1.222193437150667,-0.6326033387505274,-1.1044735096093368,-1.1172392639224096,-1.5559888813401026,-0.7815194334835555,-0.450392463886315,-0.7352690353422503
486,1.256049164279842,-1.3469092600556405,0.8168965487293348,0.8041833642972004,1.4593318829021964,1.3291037350856172,0.8298369316448513,1.0589786974312334,0.5885526128819883,1.211584736210249
487,-0.018713636180715736,-0.8874408520144399,1.4479131845030762,0.5882082380660982,-0.08165762738242877,0.7171718799320986,1.0129785851956308,0.8239626022539683,-0.12190979397222482,0.2732319432808957
488,-1.3984433191114236,0.1352485600462857,-1.002889201997212,-0.9370389639541626,-1.2847408684017416,-0.6843442275074755,-0.9487557528678555,-0.3677750934051724,0.19317759009802166,-0.9188444123705869
489,-1.1478482410265491,-0.9834368857478677,-0.46025928558249196,-0.9047964372369716,-0.09905644031092627,-0.2159479318147834,-1.0307472167199851,0.1119676373764717,0.33882030721515605,-0.9187795463538138
490,-0.04273336766272087,0.04052271481100435,-0.4887118641482261,0.29081335174832906,0.7630080998444896,0.5615466889767834,-0.2733985210976104,1.0346904149643283,0.35454718704454025,-0.570375129605528
491,0.59330366480209,-2.0970633008274877,2.3375692983789977,1.4999174559143653,1.387107118308296,0.283340276800678,2.700190087801143,0.6428529418389991,-0.4719348547475711,0.8256564384233206
492,-0.0990419231353949,1.4816965133340576,0.2975721187206754,-0.2271634281876645,-0.7878850296524772,0.2187412289394841,0.5887699830035343,0.6986800196911432,0.9155557209580348,0.2627876986123246
493,-0.218736494188034,-1.187938331642385,-0.220732301150262,0.158970836468637,-0.7136079354255274,0.8414201473569399,-0.4642202665372377,0.24726814768741553,-0.45187618208411456,-0.5174341474246404
494,0.5358980846996925,-0.6124986399990646,0.39625397655629885,0.9074525819598235,0.8773091620618082,-0.44040395717338104,0.5121260170232851,0.047977933063097444,0.12389664482570051,0.43197435317441146
495,-0.6372841478119248,2.055783970896962,1.450461199017236,0.17891057101938526,-1.0958884232954622,0.6566521136648887,1.5685797660629297,1.4831529635436442,1.2726910839159373,-0.477706804232973
496,-0.6997611717094617,-0.566178558008124,1.860888444856553,0.3754660421255691,-0.28917443964215583,1.744971400250429,1.7390693109025308,2.220666192752368,0.5193616039141613,-1.1127578222413408
497,-1.1530169438578846,-0.40460145968049704,-2.382192817260094,-1.999699754095562,-2.2417773258248634,-1.028896422273077,-2.2185029337589097,-2.0286737155132446,-1.8289941990943825,-0.8990868885825065
498,1.9371031219045047,-0.22169519867510823,2.099370629454429,1.7261837304517262,1.1833460487342242,0.29171694511666296,2.0802483837496957,1.287352381509472,0.3755443430232275,0.5230623711821237
499,0.8672076335552094,-1.2111313551871903,1.6556699101145715,-0.0040530839962043316,-1.0461611518208118,1.939319893495406,1.8095585757314248,1.360748063748748,0.6106615683496784,0.09427033869632223
500,-1.7286507402229285,-0.03159268719255719,-0.45340954557652874,-1.0485007272874522,-1.522369361475498,-1.8739459742231566,-0.02458476007224286,-1.628290684173258,-1.5293226012195245,-1.733719563139545
